set,language,source_path,source_hash,segment_id,segment_start_s,segment_end_s,dir,wav,model,mode,prompt_id,join_source,health,wer,declination_slope,terminal_slope,f0_range_st,f0_sd_st,duration_s,voiced_frac,n_voiced,n_octave_rejected,status,error
human,en,reference/chris_hemsworth.wav,5c1e355032af17970af1b46a76f238fa20ab314fdb142808e345f1df74d2b36a,1,0.2,18.434999999999995,reference,chris_hemsworth.wav,human,human,,audio_hash_deduped,,,-2.604497647208219,-4.952724234486992,11.722620790370968,3.788392146368097,18.23501133786848,0.6248624862486248,1136,0,ok,
human,en,reference/chris_hemsworth.wav,5c1e355032af17970af1b46a76f238fa20ab314fdb142808e345f1df74d2b36a,2,20.330000000000002,37.474999999999994,reference,chris_hemsworth.wav,human,human,,audio_hash_deduped,,,-0.12470870869719089,1.8411026832515391,6.593447174236726,2.0070509543415267,17.145011337868482,0.6009362200117028,1027,0,ok,
human,en,reference/chris_hemsworth.wav,5c1e355032af17970af1b46a76f238fa20ab314fdb142808e345f1df74d2b36a,3,37.82,41.154999999999994,reference,chris_hemsworth.wav,human,human,,audio_hash_deduped,,,0.6553083463014842,2.6588513506542646,3.7370661343420517,1.808375107215107,3.335011337868481,0.5487804878048781,180,0,ok,
human,en,reference/chris_hemsworth.wav,5c1e355032af17970af1b46a76f238fa20ab314fdb142808e345f1df74d2b36a,4,43.22,45.964999999999996,reference,chris_hemsworth.wav,human,human,,audio_hash_deduped,,,-2.506795865793203,-18.989314555861302,4.737390314257221,1.7753446883722475,2.7450113378684806,0.620817843866171,167,0,ok,
human,en,reference/chris_hemsworth.wav,5c1e355032af17970af1b46a76f238fa20ab314fdb142808e345f1df74d2b36a,5,46.36,49.675,reference,chris_hemsworth.wav,human,human,,audio_hash_deduped,,,-5.136151647147071,-3.2189799814283835,5.577742797892869,1.9518656777727734,3.315011337868481,0.6104294478527608,199,0,ok,
human,en,reference/chris_hemsworth.wav,5c1e355032af17970af1b46a76f238fa20ab314fdb142808e345f1df74d2b36a,6,58.660000000000004,62.654999999999994,reference,chris_hemsworth.wav,human,human,,audio_hash_deduped,,,2.4722194139399987,-37.47131019851919,10.661780431422875,3.802612547581098,3.9950113378684806,0.6142131979695431,242,0,ok,
human,en,reference/chris_hemsworth.wav,5c1e355032af17970af1b46a76f238fa20ab314fdb142808e345f1df74d2b36a,7,62.93,65.805,reference,chris_hemsworth.wav,human,human,,audio_hash_deduped,,,3.6591042869246886,-8.455280390096346,10.700808339693225,3.8985757555634155,2.8750113378684805,0.5425531914893617,153,0,ok,
human,en,reference/chris_hemsworth_15s.wav,744ff49e0ed71958564e3800b8fe781453256865136049c018e730eca6b5a300,1,0.2,15.046530612244897,reference,chris_hemsworth_15s.wav,human,human,,audio_hash_deduped,,,-2.520847446927183,-27.041135649743737,13.641656445972746,3.7861844780915113,14.846530612244898,0.6281271129141311,929,0,ok,
human,en,reference/dafoe_full.wav,2da5db502570ef89ffba8da4bcece7cd6a44149c4d020df9451e50c3711101e8,1,0.06000000000000001,2.0349999999999997,reference,dafoe_full.wav,human,human,,audio_hash_deduped,,,-6.41444218461732,-41.565587548580886,15.787876624867613,4.566915800614419,1.975,0.5729166666666666,110,0,ok,
human,en,reference/dafoe_full.wav,2da5db502570ef89ffba8da4bcece7cd6a44149c4d020df9451e50c3711101e8,2,3.2399999999999998,4.9750000000000005,reference,dafoe_full.wav,human,human,,audio_hash_deduped,,,-2.561247182158955,33.07869037298956,6.767872225293511,2.078096451394814,1.7350416666666666,0.47023809523809523,79,0,ok,
human,en,reference/dafoe_scientist.wav,7acfe3b2c1d5b3c36fac986cebc4d53dfbfaa557ffd105ccf674e8b2a8a4b01d,1,0.0,4.875666666666667,reference,dafoe_scientist.wav,human,human,,audio_hash_deduped,,,-10.548466172106366,-0.8250019203841203,15.013203962015371,4.766315503611556,4.875666666666667,0.43983402489626555,212,0,ok,
human,en,reference/jo.wav,e739f80ad5b013aab5560fb0ab4c0040793fa4b7dd0e8eb4b9513d36f8dbb7d1,1,0.0,12.995702947845805,reference,jo.wav,human,human,,audio_hash_deduped,,,-1.970188832504803,-33.54748406744365,14.31735092126673,4.52758327136546,12.995736961451247,0.6299151888974557,817,0,ok,
human,fr,reference/juliette.wav,2cf2403f2fb2eb8e81c498e6fda6d03015cb0a6d21a96604770de5b300a0c07e,1,0.12952380952380954,4.774387755102041,reference,juliette.wav,human,human,,audio_hash_deduped,,,-6.642174062095141,-7.094273054664675,8.84143686636413,3.1130068213954116,4.644897959183673,0.7049891540130152,325,1,ok,
human,fr,reference/juliette.wav,2cf2403f2fb2eb8e81c498e6fda6d03015cb0a6d21a96604770de5b300a0c07e,2,5.00843537414966,8.046950113378685,reference,juliette.wav,human,human,,audio_hash_deduped,,,-11.633663592892608,-13.44766719135473,11.19442682781387,3.3202624296624195,3.0385487528344672,0.7242524916943521,218,0,ok,
synthetic,en,windows-cloning/chatterbox_cpu_p1.wav,,,,,windows-cloning,chatterbox_cpu_p1.wav,chatterbox,cloning,1,scores_csv,,0.0,-4.010505229019435,-20.114946996059867,6.088793641193359,1.7830083181883645,1.92,0.6236559139784946,116,0,ok,
synthetic,en,windows-cloning/chatterbox_cpu_p2.wav,,,,,windows-cloning,chatterbox_cpu_p2.wav,chatterbox,cloning,2,scores_csv,,0.0,-7.547458062711538,-4.298929712598512,8.226658208511576,3.0790152586798603,4.68,0.42548596112311016,197,0,ok,
synthetic,en,windows-cloning/chatterbox_cpu_p3.wav,,,,,windows-cloning,chatterbox_cpu_p3.wav,chatterbox,cloning,3,scores_csv,,0.2424,-0.5498799878146612,-21.196795009734483,7.503362364770121,2.507357801539161,14.28,0.569620253164557,810,0,ok,
synthetic,en,windows-cloning/chatterbox_cpu_p4.wav,,,,,windows-cloning,chatterbox_cpu_p4.wav,chatterbox,cloning,4,scores_csv,,0.1111,-2.369732859245517,-41.52732283792947,6.6172959300079786,1.9675193011844798,6.24,0.4394184168012924,272,0,ok,
synthetic,en,windows-cloning/chatterbox_cuda_p1.wav,,,,,windows-cloning,chatterbox_cuda_p1.wav,chatterbox,cloning,1,scores_csv,,0.0,-6.80933869093163,-2.899086899360528,9.025997020206518,2.3472521743120103,2.24,0.6330275229357798,138,0,ok,
synthetic,en,windows-cloning/chatterbox_cuda_p2.wav,,,,,windows-cloning,chatterbox_cuda_p2.wav,chatterbox,cloning,2,scores_csv,,0.0,-4.999001708743416,-0.6446496657048125,4.934973653736557,2.0994477158853977,4.84,0.3987473903966597,191,0,ok,
synthetic,en,windows-cloning/chatterbox_cuda_p3.wav,,,,,windows-cloning,chatterbox_cuda_p3.wav,chatterbox,cloning,3,scores_csv,,0.1818,-1.3083242796106211,0.3524887817822627,5.101328683184712,1.8677158196131995,14.04,0.597997138769671,836,0,ok,
synthetic,en,windows-cloning/chatterbox_cuda_p4.wav,,,,,windows-cloning,chatterbox_cuda_p4.wav,chatterbox,cloning,4,scores_csv,,0.1111,-4.059443473772608,-23.592194724039512,6.478808256051004,3.149634473912114,7.72,0.44328552803129073,340,0,ok,
synthetic,en,windows-default/chatterbox_cpu_p1.wav,,,,,windows-default,chatterbox_cpu_p1.wav,chatterbox,default,1,scores_csv,,0.0,-11.665363942024602,36.945715261016865,22.259359306350113,6.397480845449188,2.0,0.7025641025641025,137,0,ok,
synthetic,en,windows-default/chatterbox_cpu_p2.wav,,,,,windows-default,chatterbox_cpu_p2.wav,chatterbox,default,2,scores_csv,,0.0,-8.265282987984305,-22.43720426422974,14.018430694361195,4.583543088604788,4.2,0.5036144578313253,209,0,ok,
synthetic,en,windows-default/chatterbox_cpu_p3.wav,,,,,windows-default,chatterbox_cpu_p3.wav,chatterbox,default,3,scores_csv,,0.1818,-3.942232839937756,-68.02157361397157,18.72995483727394,6.3207285277133165,12.96,0.6584043377226956,850,1,ok,
synthetic,en,windows-default/chatterbox_cpu_p4.wav,,,,,windows-default,chatterbox_cpu_p4.wav,chatterbox,default,4,scores_csv,,0.0556,-11.254856324462011,-27.41635341497375,17.90457097474426,6.0086016027313605,5.12,0.5029585798816568,255,0,ok,
synthetic,en,windows-default/chatterbox_cuda_p1.wav,,,,,windows-default,chatterbox_cuda_p1.wav,chatterbox,default,1,scores_csv,,0.0,-8.682426603810239,-60.054907347575245,16.415652368568892,5.219941861276319,2.2,0.719626168224299,154,0,ok,
synthetic,en,windows-default/chatterbox_cuda_p2.wav,,,,,windows-default,chatterbox_cuda_p2.wav,chatterbox,default,2,scores_csv,,0.0,-2.0899733192554137,2.738895828456242,16.859711636180066,4.843587578056528,4.28,0.47754137115839246,202,0,ok,
synthetic,en,windows-default/chatterbox_cuda_p3.wav,,,,,windows-default,chatterbox_cuda_p3.wav,chatterbox,default,3,scores_csv,,0.2424,-4.509286607383066,-49.54891662668665,17.703301857748635,5.624550383438803,12.16,0.6746490503715937,817,0,ok,
synthetic,en,windows-default/chatterbox_cuda_p4.wav,,,,,windows-default,chatterbox_cuda_p4.wav,chatterbox,default,4,scores_csv,,0.0,-2.857307291979168,-45.65440656335108,15.360003131880749,5.021103584921372,5.56,0.44283121597096187,244,0,ok,
synthetic,en,windows-cloning/chatterbox_turbo_cpu_p1.wav,,,,,windows-cloning,chatterbox_turbo_cpu_p1.wav,chatterbox_turbo,cloning,1,scores_csv,,0.0,-10.184919196972299,-11.045168178283086,13.847193390591114,4.151863556576173,2.8,0.718978102189781,197,0,ok,
synthetic,en,windows-cloning/chatterbox_turbo_cpu_p2.wav,,,,,windows-cloning,chatterbox_turbo_cpu_p2.wav,chatterbox_turbo,cloning,2,scores_csv,,0.0,1.8069644801682168,-78.07555473851112,9.07923482452871,3.159219340032004,5.84,0.39896373056994816,231,0,ok,
synthetic,en,windows-cloning/chatterbox_turbo_cpu_p3.wav,,,,,windows-cloning,chatterbox_turbo_cpu_p3.wav,chatterbox_turbo,cloning,3,scores_csv,,0.2121,-3.751883504328954,-21.081247498277236,10.878673852393817,3.4820252129542686,15.28,0.5486202365308804,835,0,ok,
synthetic,en,windows-cloning/chatterbox_turbo_cpu_p4.wav,,,,,windows-cloning,chatterbox_turbo_cpu_p4.wav,chatterbox_turbo,cloning,4,scores_csv,,0.0556,8.463725131073286,3.342413309581456,7.387486449713001,3.250375193268342,6.48,0.4712286158631415,303,0,ok,
synthetic,en,windows-cloning/chatterbox_turbo_cuda_p1.wav,,,,,windows-cloning,chatterbox_turbo_cuda_p1.wav,chatterbox_turbo,cloning,1,scores_csv,,0.0,-4.054009169082633,19.86597678938673,6.856909470111709,2.2115177878379684,2.12,0.5507246376811594,114,0,ok,
synthetic,en,windows-cloning/chatterbox_turbo_cuda_p2.wav,,,,,windows-cloning,chatterbox_turbo_cuda_p2.wav,chatterbox_turbo,cloning,2,scores_csv,,0.0,-1.9392206430337904,2.003954376306067,6.567164397983225,1.995121708492243,4.64,0.45751633986928103,210,0,ok,
synthetic,en,windows-cloning/chatterbox_turbo_cuda_p3.wav,,,,,windows-cloning,chatterbox_turbo_cuda_p3.wav,chatterbox_turbo,cloning,3,scores_csv,,0.2727,-1.0974518885911366,-3.8665868333563576,8.541466097666662,3.5840318960275894,16.84,0.4425253126861227,743,0,ok,
synthetic,en,windows-cloning/chatterbox_turbo_cuda_p4.wav,,,,,windows-cloning,chatterbox_turbo_cuda_p4.wav,chatterbox_turbo,cloning,4,scores_csv,,0.1111,5.211533554635534,-1.0889457055450298,19.69897984168841,4.541279407144672,5.88,0.45797598627787306,267,0,ok,
synthetic,en,windows-default/chatterbox_turbo_cpu_p1.wav,,,,,windows-default,chatterbox_turbo_cpu_p1.wav,chatterbox_turbo,default,1,scores_csv,,0.0,-5.648167807325839,-4.656030256041069,8.64980669590182,2.8665329308158762,2.64,0.7011494252873564,183,0,ok,
synthetic,en,windows-default/chatterbox_turbo_cpu_p2.wav,,,,,windows-default,chatterbox_turbo_cpu_p2.wav,chatterbox_turbo,default,2,scores_csv,,0.0,-3.831830067107078,37.6062654686362,10.372049667607332,4.2795405704740785,5.32,0.4933837429111531,261,0,ok,
synthetic,en,windows-default/chatterbox_turbo_cpu_p3.wav,,,,,windows-default,chatterbox_turbo_cpu_p3.wav,chatterbox_turbo,default,3,scores_csv,,0.1515,-4.706435247375801,-13.089355574945039,9.378459400765777,3.0344267700234098,16.64,0.6201083684527393,1030,1,ok,
synthetic,en,windows-default/chatterbox_turbo_cpu_p4.wav,,,,,windows-default,chatterbox_turbo_cpu_p4.wav,chatterbox_turbo,default,4,scores_csv,,0.1111,-5.766544429717196,-38.25672150273408,7.389192685879463,2.7677220390297106,6.36,0.5102685624012638,323,0,ok,
synthetic,en,windows-default/chatterbox_turbo_cuda_p1.wav,,,,,windows-default,chatterbox_turbo_cuda_p1.wav,chatterbox_turbo,default,1,scores_csv,,0.0,-8.74108328407102,9.56378047883069,10.650855963617378,3.292314648189102,2.2,0.6589861751152074,143,0,ok,
synthetic,en,windows-default/chatterbox_turbo_cuda_p2.wav,,,,,windows-default,chatterbox_turbo_cuda_p2.wav,chatterbox_turbo,default,2,scores_csv,,0.0,-4.257867863428836,18.498079511355833,17.798708758017796,4.741565548368137,5.44,0.4805914972273567,260,0,ok,
synthetic,en,windows-default/chatterbox_turbo_cuda_p3.wav,,,,,windows-default,chatterbox_turbo_cuda_p3.wav,chatterbox_turbo,default,3,scores_csv,,0.2424,-3.6827721034534178,10.629527306980854,8.704050456293745,3.1902189519932724,15.08,0.6378737541528239,960,0,ok,
synthetic,en,windows-default/chatterbox_turbo_cuda_p4.wav,,,,,windows-default,chatterbox_turbo_cuda_p4.wav,chatterbox_turbo,default,4,scores_csv,,0.0556,-2.5573253269128715,-8.866638737077102,5.684390655937556,2.0121975974036306,6.84,0.540381791483113,368,0,ok,
synthetic,en,windows-cloning/coqui_cpu_p1.wav,,,,,windows-cloning,coqui_cpu_p1.wav,coqui,cloning,1,scores_csv,,0.0,-3.0780129664324445,-19.368976687888633,6.254921506445778,1.7685956627846289,3.5206666666666666,0.45821325648414984,159,0,ok,
synthetic,en,windows-cloning/coqui_cpu_p2.wav,,,,,windows-cloning,coqui_cpu_p2.wav,coqui,cloning,2,scores_csv,,0.1053,-4.4295078767631955,9.570029349337961,7.699486950624022,2.3028467064797646,5.803333333333334,0.3339130434782609,192,0,ok,
synthetic,en,windows-cloning/coqui_cpu_p3.wav,,,,,windows-cloning,coqui_cpu_p3.wav,coqui,cloning,3,scores_csv,,0.2121,-0.10646826753438161,-21.91061216259047,11.622944341663747,3.545322877314361,18.240666666666666,0.5739417262231996,1044,1,ok,
synthetic,en,windows-cloning/coqui_cpu_p4.wav,,,,,windows-cloning,coqui_cpu_p4.wav,coqui,cloning,4,scores_csv,,0.1111,-4.919226822996606,-2.3852973888677362,8.573661125751691,2.5088235619618002,6.816666666666666,0.46745562130177515,316,0,ok,
synthetic,en,windows-cloning/coqui_cuda_p1.wav,,,,,windows-cloning,coqui_cuda_p1.wav,coqui,cloning,1,scores_csv,,0.0,-8.905980795983833,-23.28243388813776,9.692679021386837,2.9531532899294635,2.1766666666666667,0.6462264150943396,137,0,ok,
synthetic,en,windows-cloning/coqui_cuda_p2.wav,,,,,windows-cloning,coqui_cuda_p2.wav,coqui,cloning,2,scores_csv,,0.0,-1.7318099189874052,-5.895406727657426,7.37049561024452,2.324323068427017,5.376666666666667,0.3533834586466165,188,0,ok,
synthetic,en,windows-cloning/coqui_cuda_p3.wav,,,,,windows-cloning,coqui_cuda_p3.wav,coqui,cloning,3,scores_csv,,0.2121,-2.2267364857229537,-46.18605562906698,11.188773062364275,3.6001146127765185,15.552666666666667,0.5619354838709677,871,0,ok,
synthetic,en,windows-cloning/coqui_cuda_p4.wav,,,,,windows-cloning,coqui_cuda_p4.wav,coqui,cloning,4,scores_csv,,0.1667,-3.692476954336368,-24.185122716928642,8.987865560524252,2.738230851223664,7.243333333333333,0.43532684283727396,313,0,ok,
synthetic,en,windows-default/coqui_cpu_p1.wav,,,,,windows-default,coqui_cpu_p1.wav,coqui,default,1,scores_csv,,0.1429,-3.438698128236408,-20.650633220152788,6.044300946797323,1.692214107241984,2.87,0.648936170212766,183,0,ok,
synthetic,en,windows-default/coqui_cpu_p2.wav,,,,,windows-default,coqui_cpu_p2.wav,coqui,default,2,scores_csv,,0.0,-7.379760837491672,-4.09855164188136,9.979359842310169,3.437669647316664,5.568666666666667,0.5217391304347826,288,0,ok,
synthetic,en,windows-default/coqui_cpu_p4.wav,,,,,windows-default,coqui_cpu_p4.wav,coqui,default,4,scores_csv,,0.1667,-2.9063956981311487,-18.35722291703628,7.6126641316860635,2.790537505421271,8.63,0.48834498834498835,419,0,ok,
synthetic,en,windows-default/coqui_cuda_p1.wav,,,,,windows-default,coqui_cuda_p1.wav,coqui,default,1,scores_csv,,0.0,-7.0440906542323525,-1.6859537773271205,6.858156157892739,2.3234431777383837,2.3153333333333332,0.7389380530973452,167,0,ok,
synthetic,en,windows-default/coqui_cuda_p2.wav,,,,,windows-default,coqui_cuda_p2.wav,coqui,default,2,scores_csv,,0.0,-4.802386746172881,-24.4438661229356,7.0912278108048845,2.809803844008463,6.304666666666667,0.48,300,0,ok,
synthetic,en,windows-default/coqui_cuda_p3.wav,,,,,windows-default,coqui_cuda_p3.wav,coqui,default,3,scores_csv,,0.2121,1.0417052777540756,-50.20609218474507,11.684540329068321,3.855633277042943,17.59,0.5635327635327635,989,1,ok,
synthetic,en,windows-default/coqui_cuda_p4.wav,,,,,windows-default,coqui_cuda_p4.wav,coqui,default,4,scores_csv,,0.1111,-4.181315018293683,40.187683254806366,14.18887961337774,3.9042042059405966,8.534,0.4516509433962264,383,1,ok,
synthetic,en,2026-05-25_0102/dia_cuda_p1.wav,,,,,2026-05-25_0102,dia_cuda_p1.wav,dia,unknown,1,filename_fallback,,,10.014635435022168,1.7883623257473453,9.023214377403557,3.2168752060571446,0.40634920634920635,0.9142857142857143,32,0,ok,
synthetic,en,2026-05-25_0102/dia_cuda_p2.wav,,,,,2026-05-25_0102,dia_cuda_p2.wav,dia,unknown,2,filename_fallback,,,-3.6340329603305803,-22.41296414424142,6.868103718988157,2.233764824654104,4.330521541950113,0.45794392523364486,196,0,ok,
synthetic,en,2026-05-25_0102/dia_cuda_p3.wav,,,,,2026-05-25_0102,dia_cuda_p3.wav,dia,unknown,3,filename_fallback,,,2.295700990464359,-18.969681714725017,16.126112477581945,4.147134620598725,12.979954648526077,0.7623839009287926,985,4,ok,
synthetic,en,2026-05-25_0102/dia_cuda_p4.wav,,,,,2026-05-25_0102,dia_cuda_p4.wav,dia,unknown,4,filename_fallback,,,8.29938175418963,-20.086473057341916,12.47698937312771,4.063757416382291,7.093696145124716,0.5227272727272727,368,0,ok,
synthetic,en,2026-06-03_0043/dia_cuda_p4.wav,,,,,2026-06-03_0043,dia_cuda_p4.wav,dia,unknown,4,filename_fallback,,,3.3758754169025016,-25.07820378215793,8.844278579567806,2.6292633022362573,4.829750566893424,0.49056603773584906,234,0,ok,
synthetic,en,windows-cloning/dia_cuda_p2.wav,,,,,windows-cloning,dia_cuda_p2.wav,dia,cloning,2,scores_csv,,0.0,-3.6340329603305803,-22.41296414424142,6.868103718988157,2.233764824654104,4.330521541950113,0.45794392523364486,196,0,ok,
synthetic,en,windows-cloning/dia_cuda_p3.wav,,,,,windows-cloning,dia_cuda_p3.wav,dia,cloning,3,scores_csv,,0.1818,2.295700990464359,-18.969681714725017,16.126112477581945,4.147134620598725,12.979954648526077,0.7623839009287926,985,4,ok,
synthetic,en,windows-cloning/dia_cuda_p4.wav,,,,,windows-cloning,dia_cuda_p4.wav,dia,cloning,4,scores_csv,,0.3333,3.3758754169025016,-25.07820378215793,8.844278579567806,2.6292633022362573,4.829750566893424,0.49056603773584906,234,0,ok,
synthetic,en,windows-default/dia_cuda_p1.wav,,,,,windows-default,dia_cuda_p1.wav,dia,default,1,scores_csv,,0.0,9.066713142973827,20.714954926223047,22.699622700851677,7.763252193548514,2.3219954648526078,0.6103896103896104,141,0,ok,
synthetic,en,windows-default/dia_cuda_p3.wav,,,,,windows-default,dia_cuda_p3.wav,dia,default,3,scores_csv,,0.2121,-0.28735261543241175,-10.867097362537399,9.723207022013092,2.802371913820683,12.585215419501134,0.7110933758978452,891,0,ok,
synthetic,en,windows-default/dia_cuda_p4.wav,,,,,windows-default,dia_cuda_p4.wav,dia,default,4,scores_csv,,0.0556,5.664560021312603,6.2209225973344235,13.897631237729204,3.966585651532383,6.884716553287982,0.5678832116788322,389,0,ok,
synthetic,en,2026-06-05_1115/dramabox_cuda_p1.wav,,,,,2026-06-05_1115,dramabox_cuda_p1.wav,dramabox,unknown,1,filename_fallback,,,-4.763264510987795,-22.237772714250866,7.722976940138896,2.3462608979263475,3.0488125,0.5585284280936454,167,0,ok,
synthetic,en,2026-06-05_1115/dramabox_cuda_p2.wav,,,,,2026-06-05_1115,dramabox_cuda_p2.wav,dramabox,unknown,2,filename_fallback,,,-3.9965588759653548,32.03576817367794,15.735734760626036,5.066239483481419,8.197479166666668,0.4250614250614251,346,0,ok,
synthetic,en,2026-06-05_1115/dramabox_cuda_p3.wav,,,,,2026-06-05_1115,dramabox_cuda_p3.wav,dramabox,unknown,3,filename_fallback,,,-1.229820569436186,-27.93416886280775,8.98565699285642,2.832745262005501,21.774875,0.6228150873965042,1354,0,ok,
synthetic,en,2026-06-05_1115/dramabox_cuda_p4.wav,,,,,2026-06-05_1115,dramabox_cuda_p4.wav,dramabox,unknown,4,filename_fallback,,,-3.615257768886241,-28.514313148347092,11.146319646320517,3.83449055831356,9.473625,0.5817409766454352,548,0,ok,
synthetic,en,2026-06-05_1117/dramabox_cuda_p1.wav,,,,,2026-06-05_1117,dramabox_cuda_p1.wav,dramabox,unknown,1,filename_fallback,,,-7.580704595225959,-37.28074356037276,8.743456269042554,2.9789212036478103,5.8890625,0.37735849056603776,220,0,ok,
synthetic,en,2026-06-05_1117/dramabox_cuda_p2.wav,,,,,2026-06-05_1117,dramabox_cuda_p2.wav,dramabox,unknown,2,filename_fallback,,,-6.676875167583508,-22.7999796027859,12.13296327401213,3.737352834077105,8.172625,0.458128078817734,372,0,ok,
synthetic,en,2026-06-05_1117/dramabox_cuda_p3.wav,,,,,2026-06-05_1117,dramabox_cuda_p3.wav,dramabox,unknown,3,filename_fallback,,,-4.394654882556297,-42.23500902092247,11.327520148966427,3.5431598163901716,21.611666666666668,0.5435992578849722,1172,0,ok,
synthetic,en,2026-06-05_1117/dramabox_cuda_p4.wav,,,,,2026-06-05_1117,dramabox_cuda_p4.wav,dramabox,unknown,4,filename_fallback,,,-6.85847806576977,-47.39838117779917,13.429681191208568,4.089729658872713,9.4024375,0.4449197860962567,416,0,ok,
synthetic,en,windows-cloning/dramabox_cuda_p1.wav,,,,,windows-cloning,dramabox_cuda_p1.wav,dramabox,cloning,1,scores_csv,,0.0,-7.580704595225959,-37.28074356037276,8.743456269042554,2.9789212036478103,5.8890625,0.37735849056603776,220,0,ok,
synthetic,en,windows-cloning/dramabox_cuda_p2.wav,,,,,windows-cloning,dramabox_cuda_p2.wav,dramabox,cloning,2,scores_csv,,0.0,-6.676875167583508,-22.7999796027859,12.13296327401213,3.737352834077105,8.172625,0.458128078817734,372,0,ok,
synthetic,en,windows-cloning/dramabox_cuda_p3.wav,,,,,windows-cloning,dramabox_cuda_p3.wav,dramabox,cloning,3,scores_csv,,0.1515,-4.394654882556297,-42.23500902092247,11.327520148966427,3.5431598163901716,21.611666666666668,0.5435992578849722,1172,0,ok,
synthetic,en,windows-cloning/dramabox_cuda_p4.wav,,,,,windows-cloning,dramabox_cuda_p4.wav,dramabox,cloning,4,scores_csv,,0.1667,-6.85847806576977,-47.39838117779917,13.429681191208568,4.089729658872713,9.4024375,0.4449197860962567,416,0,ok,
synthetic,en,windows-default/dramabox_cuda_p1.wav,,,,,windows-default,dramabox_cuda_p1.wav,dramabox,default,1,scores_csv,,0.0,-4.763264510987795,-22.237772714250866,7.722976940138896,2.3462608979263475,3.0488125,0.5585284280936454,167,0,ok,
synthetic,en,windows-default/dramabox_cuda_p2.wav,,,,,windows-default,dramabox_cuda_p2.wav,dramabox,default,2,scores_csv,,0.0,-3.9965588759653548,32.03576817367794,15.735734760626036,5.066239483481419,8.197479166666668,0.4250614250614251,346,0,ok,
synthetic,en,windows-default/dramabox_cuda_p3.wav,,,,,windows-default,dramabox_cuda_p3.wav,dramabox,default,3,scores_csv,,0.1515,-1.229820569436186,-27.93416886280775,8.98565699285642,2.832745262005501,21.774875,0.6228150873965042,1354,0,ok,
synthetic,en,windows-default/dramabox_cuda_p4.wav,,,,,windows-default,dramabox_cuda_p4.wav,dramabox,default,4,scores_csv,,0.2222,-3.615257768886241,-28.514313148347092,11.146319646320517,3.83449055831356,9.473625,0.5817409766454352,548,0,ok,
synthetic,en,2026-06-01_2237/echo_cuda_p1.wav,,,,,2026-06-01_2237,echo_cuda_p1.wav,echo,unknown,1,filename_fallback,,,-2.338833327881594,-9.244944782321978,6.867688422162859,1.9703601095811867,2.8792743764172335,0.7127659574468085,201,0,ok,
synthetic,en,2026-06-01_2240/echo_cuda_p1.wav,,,,,2026-06-01_2240,echo_cuda_p1.wav,echo,unknown,1,filename_fallback,,,-2.338833327881594,-9.244944782321978,6.867688422162859,1.9703601095811867,2.8792743764172335,0.7127659574468085,201,0,ok,
synthetic,en,2026-06-01_2240/echo_cuda_p2.wav,,,,,2026-06-01_2240,echo_cuda_p2.wav,echo,unknown,2,filename_fallback,,,-4.556874109392446,1.2422680637384533,8.769928387658421,2.553462215791903,5.154829931972789,0.503921568627451,257,0,ok,
synthetic,en,2026-06-01_2240/echo_cuda_p3.wav,,,,,2026-06-01_2240,echo_cuda_p3.wav,echo,unknown,3,filename_fallback,,,-1.9707997052085948,-17.716915727048324,5.716990652504883,1.8638109534695484,15.27873015873016,0.6629434954007885,1009,0,ok,
synthetic,en,2026-06-01_2240/echo_cuda_p4.wav,,,,,2026-06-01_2240,echo_cuda_p4.wav,echo,unknown,4,filename_fallback,,,-3.5911224732753113,-21.487511331845116,5.491182470055355,1.9242157240589095,6.501587301587302,0.517829457364341,334,0,ok,
synthetic,en,2026-06-01_2241/echo_cuda_p1.wav,,,,,2026-06-01_2241,echo_cuda_p1.wav,echo,unknown,1,filename_fallback,,,-2.338833327881594,-9.244944782321978,6.867688422162859,1.9703601095811867,2.8792743764172335,0.7127659574468085,201,0,ok,
synthetic,en,2026-06-01_2241/echo_cuda_p2.wav,,,,,2026-06-01_2241,echo_cuda_p2.wav,echo,unknown,2,filename_fallback,,,-4.556874109392446,1.2422680637384533,8.769928387658421,2.553462215791903,5.154829931972789,0.503921568627451,257,0,ok,
synthetic,en,2026-06-01_2241/echo_cuda_p3.wav,,,,,2026-06-01_2241,echo_cuda_p3.wav,echo,unknown,3,filename_fallback,,,-1.9707997052085948,-17.716915727048324,5.716990652504883,1.8638109534695484,15.27873015873016,0.6629434954007885,1009,0,ok,
synthetic,en,2026-06-01_2241/echo_cuda_p4.wav,,,,,2026-06-01_2241,echo_cuda_p4.wav,echo,unknown,4,filename_fallback,,,-3.5911224732753113,-21.487511331845116,5.491182470055355,1.9242157240589095,6.501587301587302,0.517829457364341,334,0,ok,
synthetic,en,windows-cloning/echo_cuda_p1.wav,,,,,windows-cloning,echo_cuda_p1.wav,echo,cloning,1,scores_csv,,0.0,-2.338833327881594,-9.244944782321978,6.867688422162859,1.9703601095811867,2.8792743764172335,0.7127659574468085,201,0,ok,
synthetic,en,windows-cloning/echo_cuda_p2.wav,,,,,windows-cloning,echo_cuda_p2.wav,echo,cloning,2,scores_csv,,0.0,-4.556874109392446,1.2422680637384533,8.769928387658421,2.553462215791903,5.154829931972789,0.503921568627451,257,0,ok,
synthetic,en,windows-cloning/echo_cuda_p3.wav,,,,,windows-cloning,echo_cuda_p3.wav,echo,cloning,3,scores_csv,,0.2424,-1.9707997052085948,-17.716915727048324,5.716990652504883,1.8638109534695484,15.27873015873016,0.6629434954007885,1009,0,ok,
synthetic,en,windows-cloning/echo_cuda_p4.wav,,,,,windows-cloning,echo_cuda_p4.wav,echo,cloning,4,scores_csv,,0.0556,-3.5911224732753113,-21.487511331845116,5.491182470055355,1.9242157240589095,6.501587301587302,0.517829457364341,334,0,ok,
synthetic,en,windows-default/echo_cuda_p1.wav,,,,,windows-default,echo_cuda_p1.wav,echo,default,1,scores_csv,,0.0,-2.338833327881594,-9.244944782321978,6.867688422162859,1.9703601095811867,2.8792743764172335,0.7127659574468085,201,0,ok,
synthetic,en,windows-default/echo_cuda_p2.wav,,,,,windows-default,echo_cuda_p2.wav,echo,default,2,scores_csv,,0.0,-4.556874109392446,1.2422680637384533,8.769928387658421,2.553462215791903,5.154829931972789,0.503921568627451,257,0,ok,
synthetic,en,windows-default/echo_cuda_p3.wav,,,,,windows-default,echo_cuda_p3.wav,echo,default,3,scores_csv,,0.2424,-1.9707997052085948,-17.716915727048324,5.716990652504883,1.8638109534695484,15.27873015873016,0.6629434954007885,1009,0,ok,
synthetic,en,windows-default/echo_cuda_p4.wav,,,,,windows-default,echo_cuda_p4.wav,echo,default,4,scores_csv,,0.0556,-3.5911224732753113,-21.487511331845116,5.491182470055355,1.9242157240589095,6.501587301587302,0.517829457364341,334,0,ok,
synthetic,en,2026-05-25_0037/f5tts_cpu_p1.wav,,,,,2026-05-25_0037,f5tts_cpu_p1.wav,f5tts,unknown,1,filename_fallback,,,-14.455752737415454,1.7563314817175384,13.196374087320953,4.516244346918289,1.3973333333333333,0.7720588235294118,105,0,ok,
synthetic,en,2026-05-25_0037/f5tts_cpu_p2.wav,,,,,2026-05-25_0037,f5tts_cpu_p2.wav,f5tts,unknown,2,filename_fallback,,,-8.647318062957046,-10.873663927733084,13.2165642642193,3.6395314817842537,3.648,0.5789473684210527,209,0,ok,
synthetic,en,2026-05-25_0037/f5tts_cpu_p3.wav,,,,,2026-05-25_0037,f5tts_cpu_p3.wav,f5tts,unknown,3,filename_fallback,,,-4.298821700106126,-14.097068207244483,9.12908905558408,2.8030551781160074,10.165333333333333,0.7462981243830207,756,0,ok,
synthetic,en,2026-05-25_0037/f5tts_cpu_p4.wav,,,,,2026-05-25_0037,f5tts_cpu_p4.wav,f5tts,unknown,4,filename_fallback,,,-10.313392885481644,-25.2263836365753,13.28949380916298,3.8497690567354903,3.8826666666666667,0.6441558441558441,248,0,ok,
synthetic,en,2026-05-25_0037/f5tts_cuda_p1.wav,,,,,2026-05-25_0037,f5tts_cuda_p1.wav,f5tts,unknown,1,filename_fallback,,,-9.760620893979441,-29.202649514892034,11.884304173918977,3.3054639388061444,1.3973333333333333,0.7372262773722628,101,0,ok,
synthetic,en,2026-05-25_0037/f5tts_cuda_p2.wav,,,,,2026-05-25_0037,f5tts_cuda_p2.wav,f5tts,unknown,2,filename_fallback,,,-5.561751522464729,-9.360840818018,14.43722939781546,4.737417770255354,3.648,0.5883977900552486,213,1,ok,
synthetic,en,2026-05-25_0037/f5tts_cuda_p3.wav,,,,,2026-05-25_0037,f5tts_cuda_p3.wav,f5tts,unknown,3,filename_fallback,,,-7.706531040617279,-36.14331852718379,11.353778466074068,3.4657707636757453,10.165333333333333,0.7287968441814595,739,0,ok,
synthetic,en,2026-05-25_0037/f5tts_cuda_p4.wav,,,,,2026-05-25_0037,f5tts_cuda_p4.wav,f5tts,unknown,4,filename_fallback,,,-10.637540598029007,-11.800102610306952,14.35124585428034,4.175680086439742,3.8826666666666667,0.625974025974026,241,1,ok,
synthetic,en,2026-05-25_0102/f5tts_cpu_p1.wav,,,,,2026-05-25_0102,f5tts_cpu_p1.wav,f5tts,unknown,1,filename_fallback,,,-1.4679228880438497,-7.656061585436631,2.8338377098443885,0.9366220049940086,1.888,0.6994535519125683,128,0,ok,
synthetic,en,2026-05-25_0102/f5tts_cpu_p2.wav,,,,,2026-05-25_0102,f5tts_cpu_p2.wav,f5tts,unknown,2,filename_fallback,,,-4.9226086434909835,10.777285975105547,7.699188480389793,2.0444064395524917,4.949333333333334,0.5316973415132924,260,0,ok,
synthetic,en,2026-05-25_0102/f5tts_cpu_p3.wav,,,,,2026-05-25_0102,f5tts_cpu_p3.wav,f5tts,unknown,3,filename_fallback,,,-2.1703989169083346,-27.511949230737034,6.5219242160004764,2.0312788649583036,13.567333333333334,0.6484085862324205,876,0,ok,
synthetic,en,2026-05-25_0102/f5tts_cpu_p4.wav,,,,,2026-05-25_0102,f5tts_cpu_p4.wav,f5tts,unknown,4,filename_fallback,,,-1.117102609357897,-17.493012826071162,5.2807573516811495,2.6377303232493463,5.28,0.47992351816443596,251,0,ok,
synthetic,en,2026-05-25_0102/f5tts_cuda_p1.wav,,,,,2026-05-25_0102,f5tts_cuda_p1.wav,f5tts,unknown,1,filename_fallback,,,-2.2804346282232437,-11.651265991156556,4.450045999490055,1.3398172118648521,1.888,0.7595628415300546,139,0,ok,
synthetic,en,2026-05-25_0102/f5tts_cuda_p2.wav,,,,,2026-05-25_0102,f5tts_cuda_p2.wav,f5tts,unknown,2,filename_fallback,,,-2.3784480933633096,17.143957385386155,6.042843720650824,1.7925759675897923,4.949333333333334,0.5685071574642127,278,0,ok,
synthetic,en,2026-05-25_0102/f5tts_cuda_p3.wav,,,,,2026-05-25_0102,f5tts_cuda_p3.wav,f5tts,unknown,3,filename_fallback,,,-2.3594625144153603,-18.85620497006599,5.650504582939718,1.7680568707584197,13.567333333333334,0.6817172464840858,921,0,ok,
synthetic,en,2026-05-25_0102/f5tts_cuda_p4.wav,,,,,2026-05-25_0102,f5tts_cuda_p4.wav,f5tts,unknown,4,filename_fallback,,,-2.7319258601244782,-15.622064669939407,8.043871289402846,2.924932570034073,5.28,0.5066921606118547,265,0,ok,
synthetic,en,windows-cloning/f5tts_cpu_p1.wav,,,,,windows-cloning,f5tts_cpu_p1.wav,f5tts,cloning,1,scores_csv,,0.0,-1.4679228880438497,-7.656061585436631,2.8338377098443885,0.9366220049940086,1.888,0.6994535519125683,128,0,ok,
synthetic,en,windows-cloning/f5tts_cpu_p2.wav,,,,,windows-cloning,f5tts_cpu_p2.wav,f5tts,cloning,2,scores_csv,,0.1053,-4.9226086434909835,10.777285975105547,7.699188480389793,2.0444064395524917,4.949333333333334,0.5316973415132924,260,0,ok,
synthetic,en,windows-cloning/f5tts_cpu_p3.wav,,,,,windows-cloning,f5tts_cpu_p3.wav,f5tts,cloning,3,scores_csv,,0.2121,-2.1703989169083346,-27.511949230737034,6.5219242160004764,2.0312788649583036,13.567333333333334,0.6484085862324205,876,0,ok,
synthetic,en,windows-cloning/f5tts_cpu_p4.wav,,,,,windows-cloning,f5tts_cpu_p4.wav,f5tts,cloning,4,scores_csv,,0.1667,-1.117102609357897,-17.493012826071162,5.2807573516811495,2.6377303232493463,5.28,0.47992351816443596,251,0,ok,
synthetic,en,windows-cloning/f5tts_cuda_p1.wav,,,,,windows-cloning,f5tts_cuda_p1.wav,f5tts,cloning,1,scores_csv,,0.1429,-2.2804346282232437,-11.651265991156556,4.450045999490055,1.3398172118648521,1.888,0.7595628415300546,139,0,ok,
synthetic,en,windows-cloning/f5tts_cuda_p2.wav,,,,,windows-cloning,f5tts_cuda_p2.wav,f5tts,cloning,2,scores_csv,,0.1053,-2.3784480933633096,17.143957385386155,6.042843720650824,1.7925759675897923,4.949333333333334,0.5685071574642127,278,0,ok,
synthetic,en,windows-cloning/f5tts_cuda_p3.wav,,,,,windows-cloning,f5tts_cuda_p3.wav,f5tts,cloning,3,scores_csv,,0.3636,-2.3594625144153603,-18.85620497006599,5.650504582939718,1.7680568707584197,13.567333333333334,0.6817172464840858,921,0,ok,
synthetic,en,windows-cloning/f5tts_cuda_p4.wav,,,,,windows-cloning,f5tts_cuda_p4.wav,f5tts,cloning,4,scores_csv,,0.1667,-2.7319258601244782,-15.622064669939407,8.043871289402846,2.924932570034073,5.28,0.5066921606118547,265,0,ok,
synthetic,en,windows-default/f5tts_cpu_p1.wav,,,,,windows-default,f5tts_cpu_p1.wav,f5tts,default,1,scores_csv,,0.0,-14.455752737415454,1.7563314817175384,13.196374087320953,4.516244346918289,1.3973333333333333,0.7720588235294118,105,0,ok,
synthetic,en,windows-default/f5tts_cpu_p2.wav,,,,,windows-default,f5tts_cpu_p2.wav,f5tts,default,2,scores_csv,,0.0,-8.647318062957046,-10.873663927733084,13.2165642642193,3.6395314817842537,3.648,0.5789473684210527,209,0,ok,
synthetic,en,windows-default/f5tts_cpu_p3.wav,,,,,windows-default,f5tts_cpu_p3.wav,f5tts,default,3,scores_csv,,0.2424,-4.298821700106126,-14.097068207244483,9.12908905558408,2.8030551781160074,10.165333333333333,0.7462981243830207,756,0,ok,
synthetic,en,windows-default/f5tts_cpu_p4.wav,,,,,windows-default,f5tts_cpu_p4.wav,f5tts,default,4,scores_csv,,0.1667,-10.313392885481644,-25.2263836365753,13.28949380916298,3.8497690567354903,3.8826666666666667,0.6441558441558441,248,0,ok,
synthetic,en,windows-default/f5tts_cuda_p1.wav,,,,,windows-default,f5tts_cuda_p1.wav,f5tts,default,1,scores_csv,,0.0,-9.760620893979441,-29.202649514892034,11.884304173918977,3.3054639388061444,1.3973333333333333,0.7372262773722628,101,0,ok,
synthetic,en,windows-default/f5tts_cuda_p2.wav,,,,,windows-default,f5tts_cuda_p2.wav,f5tts,default,2,scores_csv,,0.1053,-5.561751522464729,-9.360840818018,14.43722939781546,4.737417770255354,3.648,0.5883977900552486,213,1,ok,
synthetic,en,windows-default/f5tts_cuda_p3.wav,,,,,windows-default,f5tts_cuda_p3.wav,f5tts,default,3,scores_csv,,0.2121,-7.706531040617279,-36.14331852718379,11.353778466074068,3.4657707636757453,10.165333333333333,0.7287968441814595,739,0,ok,
synthetic,en,windows-default/f5tts_cuda_p4.wav,,,,,windows-default,f5tts_cuda_p4.wav,f5tts,default,4,scores_csv,,0.1111,-10.637540598029007,-11.800102610306952,14.35124585428034,4.175680086439742,3.8826666666666667,0.625974025974026,241,1,ok,
synthetic,en,2026-05-30_2241/fish_15_cpu_p1.wav,,,,,2026-05-30_2241,fish_15_cpu_p1.wav,fish_15,unknown,1,filename_fallback,,,-5.195294831722551,-24.721376992734072,7.16647503222692,1.9007808871225258,1.9040362811791383,0.8,148,0,ok,
synthetic,en,2026-05-30_2241/fish_15_cpu_p2.wav,,,,,2026-05-30_2241,fish_15_cpu_p2.wav,fish_15,unknown,2,filename_fallback,,,-1.356269113216379,-2.6462107212819728,5.635601775171178,1.656032610617885,5.294149659863946,0.4904580152671756,257,0,ok,
synthetic,en,2026-05-30_2241/fish_15_cpu_p3.wav,,,,,2026-05-30_2241,fish_15_cpu_p3.wav,fish_15,unknown,3,filename_fallback,,,-9.856547155312114,-17.4430444819807,11.965327082095866,3.732083641197338,19.783401360544218,0.5772934617334009,1139,0,ok,
synthetic,en,2026-05-30_2241/fish_15_cpu_p4.wav,,,,,2026-05-30_2241,fish_15_cpu_p4.wav,fish_15,unknown,4,filename_fallback,,,-6.9617114436102625,-15.680720264500476,8.65398348276528,2.815181494154546,6.965986394557823,0.5542691751085383,383,0,ok,
synthetic,en,2026-05-30_2241/fish_15_cuda_p1.wav,,,,,2026-05-30_2241,fish_15_cuda_p1.wav,fish_15,unknown,1,filename_fallback,,,-6.402842802458601,-3.3149070565804584,7.589020768944398,2.5431746525527714,1.9969160997732427,0.8402061855670103,163,0,ok,
synthetic,en,2026-05-30_2241/fish_15_cuda_p2.wav,,,,,2026-05-30_2241,fish_15_cuda_p2.wav,fish_15,unknown,2,filename_fallback,,,-3.3890028521958326,-4.9060535536427805,5.850629169397754,1.8815142957760076,6.0836281179138325,0.4709784411276949,284,0,ok,
synthetic,en,2026-05-30_2241/fish_15_cuda_p3.wav,,,,,2026-05-30_2241,fish_15_cuda_p3.wav,fish_15,unknown,3,filename_fallback,,,-4.088427236400836,-6.266901018276336,5.482556475112548,1.7410514025489265,15.27873015873016,0.6583442838370565,1002,0,ok,
synthetic,en,2026-05-30_2241/fish_15_cuda_p4.wav,,,,,2026-05-30_2241,fish_15_cuda_p4.wav,fish_15,unknown,4,filename_fallback,,,-6.192400934000345,-24.41616107285972,6.834580695249837,1.8848999864885911,8.219863945578231,0.4117647058823529,336,0,ok,
synthetic,en,2026-05-30_2330/fish_15_cpu_p1.wav,,,,,2026-05-30_2330,fish_15_cpu_p1.wav,fish_15,unknown,1,filename_fallback,,,-3.5567392095670267,-16.42677451509408,3.25498400095773,1.349618762254423,1.8575963718820863,0.8333333333333334,150,0,ok,
synthetic,en,2026-05-30_2330/fish_15_cpu_p2.wav,,,,,2026-05-30_2330,fish_15_cpu_p2.wav,fish_15,unknown,2,filename_fallback,,,-7.718809066975214,-10.56180875459245,7.86491324379122,2.67919246919982,4.783310657596372,0.4904862579281184,232,0,ok,
synthetic,en,2026-05-30_2330/fish_15_cpu_p3.wav,,,,,2026-05-30_2330,fish_15_cpu_p3.wav,fish_15,unknown,3,filename_fallback,,,-4.553658847091361,-16.95232629438008,7.316329125378398,2.626079006705595,15.464489795918368,0.63659961064244,981,0,ok,
synthetic,en,2026-05-30_2330/fish_15_cpu_p4.wav,,,,,2026-05-30_2330,fish_15_cpu_p4.wav,fish_15,unknown,4,filename_fallback,,,-4.785901931354691,-24.045699460656117,6.455800700176253,1.965863528443056,6.222947845804988,0.5640194489465153,348,0,ok,
synthetic,en,2026-05-30_2330/fish_15_cuda_p1.wav,,,,,2026-05-30_2330,fish_15_cuda_p1.wav,fish_15,unknown,1,filename_fallback,,,-4.0819676840052095,0.8649915503443816,4.0738883315450085,1.4023988611476317,1.9040362811791383,0.8108108108108109,150,0,ok,
synthetic,en,2026-05-30_2330/fish_15_cuda_p2.wav,,,,,2026-05-30_2330,fish_15_cuda_p2.wav,fish_15,unknown,2,filename_fallback,,,-4.8326855819455234,-12.376608776450606,6.34643218750452,1.9942092863569394,5.526349206349207,0.4625228519195612,253,0,ok,
synthetic,en,2026-05-30_2330/fish_15_cuda_p3.wav,,,,,2026-05-30_2330,fish_15_cuda_p3.wav,fish_15,unknown,3,filename_fallback,,,-6.219329801990274,-1.3119692472584634,7.836185081396,2.5612784629140593,17.22920634920635,0.6674432149097262,1146,0,ok,
synthetic,en,2026-05-30_2330/fish_15_cuda_p4.wav,,,,,2026-05-30_2330,fish_15_cuda_p4.wav,fish_15,unknown,4,filename_fallback,,,-5.497926153596116,-11.986286452089141,6.360334837718463,2.0998259286004477,7.198185941043084,0.5322128851540616,380,0,ok,
synthetic,en,windows-cloning/fish_15_cpu_p1.wav,,,,,windows-cloning,fish_15_cpu_p1.wav,fish_15,cloning,1,scores_csv,,0.0,-3.5567392095670267,-16.42677451509408,3.25498400095773,1.349618762254423,1.8575963718820863,0.8333333333333334,150,0,ok,
synthetic,en,windows-cloning/fish_15_cpu_p2.wav,,,,,windows-cloning,fish_15_cpu_p2.wav,fish_15,cloning,2,scores_csv,,0.0,-7.718809066975214,-10.56180875459245,7.86491324379122,2.67919246919982,4.783310657596372,0.4904862579281184,232,0,ok,
synthetic,en,windows-cloning/fish_15_cpu_p3.wav,,,,,windows-cloning,fish_15_cpu_p3.wav,fish_15,cloning,3,scores_csv,,0.2727,-4.553658847091361,-16.95232629438008,7.316329125378398,2.626079006705595,15.464489795918368,0.63659961064244,981,0,ok,
synthetic,en,windows-cloning/fish_15_cpu_p4.wav,,,,,windows-cloning,fish_15_cpu_p4.wav,fish_15,cloning,4,scores_csv,,0.1111,-4.785901931354691,-24.045699460656117,6.455800700176253,1.965863528443056,6.222947845804988,0.5640194489465153,348,0,ok,
synthetic,en,windows-cloning/fish_15_cuda_p1.wav,,,,,windows-cloning,fish_15_cuda_p1.wav,fish_15,cloning,1,scores_csv,,0.1429,-4.0819676840052095,0.8649915503443816,4.0738883315450085,1.4023988611476317,1.9040362811791383,0.8108108108108109,150,0,ok,
synthetic,en,windows-cloning/fish_15_cuda_p2.wav,,,,,windows-cloning,fish_15_cuda_p2.wav,fish_15,cloning,2,scores_csv,,0.0,-4.8326855819455234,-12.376608776450606,6.34643218750452,1.9942092863569394,5.526349206349207,0.4625228519195612,253,0,ok,
synthetic,en,windows-cloning/fish_15_cuda_p3.wav,,,,,windows-cloning,fish_15_cuda_p3.wav,fish_15,cloning,3,scores_csv,,0.2121,-6.219329801990274,-1.3119692472584634,7.836185081396,2.5612784629140593,17.22920634920635,0.6674432149097262,1146,0,ok,
synthetic,en,windows-cloning/fish_15_cuda_p4.wav,,,,,windows-cloning,fish_15_cuda_p4.wav,fish_15,cloning,4,scores_csv,,0.0556,-5.497926153596116,-11.986286452089141,6.360334837718463,2.0998259286004477,7.198185941043084,0.5322128851540616,380,0,ok,
synthetic,en,windows-default/fish_15_cpu_p1.wav,,,,,windows-default,fish_15_cpu_p1.wav,fish_15,default,1,scores_csv,,0.0,-5.195294831722551,-24.721376992734072,7.16647503222692,1.9007808871225258,1.9040362811791383,0.8,148,0,ok,
synthetic,en,windows-default/fish_15_cpu_p2.wav,,,,,windows-default,fish_15_cpu_p2.wav,fish_15,default,2,scores_csv,,0.0,-1.356269113216379,-2.6462107212819728,5.635601775171178,1.656032610617885,5.294149659863946,0.4904580152671756,257,0,ok,
synthetic,en,windows-default/fish_15_cpu_p3.wav,,,,,windows-default,fish_15_cpu_p3.wav,fish_15,default,3,scores_csv,,0.1515,-9.856547155312114,-17.4430444819807,11.965327082095866,3.732083641197338,19.783401360544218,0.5772934617334009,1139,0,ok,
synthetic,en,windows-default/fish_15_cpu_p4.wav,,,,,windows-default,fish_15_cpu_p4.wav,fish_15,default,4,scores_csv,,0.1111,-6.9617114436102625,-15.680720264500476,8.65398348276528,2.815181494154546,6.965986394557823,0.5542691751085383,383,0,ok,
synthetic,en,windows-default/fish_15_cuda_p1.wav,,,,,windows-default,fish_15_cuda_p1.wav,fish_15,default,1,scores_csv,,0.0,-6.402842802458601,-3.3149070565804584,7.589020768944398,2.5431746525527714,1.9969160997732427,0.8402061855670103,163,0,ok,
synthetic,en,windows-default/fish_15_cuda_p2.wav,,,,,windows-default,fish_15_cuda_p2.wav,fish_15,default,2,scores_csv,,0.0,-3.3890028521958326,-4.9060535536427805,5.850629169397754,1.8815142957760076,6.0836281179138325,0.4709784411276949,284,0,ok,
synthetic,en,windows-default/fish_15_cuda_p3.wav,,,,,windows-default,fish_15_cuda_p3.wav,fish_15,default,3,scores_csv,,0.2727,-4.088427236400836,-6.266901018276336,5.482556475112548,1.7410514025489265,15.27873015873016,0.6583442838370565,1002,0,ok,
synthetic,en,windows-default/fish_15_cuda_p4.wav,,,,,windows-default,fish_15_cuda_p4.wav,fish_15,default,4,scores_csv,,0.1667,-6.192400934000345,-24.41616107285972,6.834580695249837,1.8848999864885911,8.219863945578231,0.4117647058823529,336,0,ok,
synthetic,en,2026-05-25_0037/indextts_cpu_p1.wav,,,,,2026-05-25_0037,indextts_cpu_p1.wav,indextts,unknown,1,filename_fallback,,,-7.649224428956254,-44.03556185172271,15.36478112140123,4.209947582608859,2.693514739229025,0.7631578947368421,203,0,ok,
synthetic,en,2026-05-25_0037/indextts_cpu_p2.wav,,,,,2026-05-25_0037,indextts_cpu_p2.wav,indextts,unknown,2,filename_fallback,,,-4.083097326293024,6.803889156535646,9.10293005651653,2.9110223202582035,4.783310657596372,0.6113445378151261,291,0,ok,
synthetic,en,2026-05-25_0037/indextts_cpu_p3.wav,,,,,2026-05-25_0037,indextts_cpu_p3.wav,indextts,unknown,3,filename_fallback,,,-3.708450007489361,-48.17717118958596,12.907782797144012,4.062544622082805,14.953650793650795,0.6762734584450402,1009,1,ok,
synthetic,en,2026-05-25_0037/indextts_cpu_p4.wav,,,,,2026-05-25_0037,indextts_cpu_p4.wav,indextts,unknown,4,filename_fallback,,,-8.86769666834622,-26.000305197025412,13.458783075957378,3.9197388176636996,7.198185941043084,0.5857740585774058,420,0,ok,
synthetic,en,2026-05-25_0037/indextts_cuda_p1.wav,,,,,2026-05-25_0037,indextts_cuda_p1.wav,indextts,unknown,1,filename_fallback,,,-6.77820123866337,-46.510598380035866,14.444184265198185,3.861509398011711,2.507755102040816,0.7862903225806451,195,0,ok,
synthetic,en,2026-05-25_0037/indextts_cuda_p2.wav,,,,,2026-05-25_0037,indextts_cuda_p2.wav,indextts,unknown,2,filename_fallback,,,-3.8813462129022485,-6.774859794237208,12.519270478224069,4.316635960672303,4.6439909297052155,0.5714285714285714,264,1,ok,
synthetic,en,2026-05-25_0037/indextts_cuda_p3.wav,,,,,2026-05-25_0037,indextts_cuda_p3.wav,indextts,unknown,3,filename_fallback,,,-2.8845643450658365,-25.407333178086148,13.82772076654815,4.215532212520206,14.733061224489797,0.6947654656696125,1022,0,ok,
synthetic,en,2026-05-25_0037/indextts_cuda_p4.wav,,,,,2026-05-25_0037,indextts_cuda_p4.wav,indextts,unknown,4,filename_fallback,,,-4.054824975087031,-65.55241859195613,10.331673367903463,3.4609944180307957,6.489977324263038,0.586687306501548,379,0,ok,
synthetic,en,2026-05-25_0102/indextts_cpu_p1.wav,,,,,2026-05-25_0102,indextts_cpu_p1.wav,indextts,unknown,1,filename_fallback,,,-9.854201442522484,-23.377932860370827,11.286165163196433,3.482803770893576,3.111473922902494,0.6862745098039216,210,0,ok,
synthetic,en,2026-05-25_0102/indextts_cpu_p2.wav,,,,,2026-05-25_0102,indextts_cpu_p2.wav,indextts,unknown,2,filename_fallback,,,-11.526273441451217,-2.499136155036121,11.202494753010237,3.750082243716226,5.7004988662131515,0.5238938053097345,296,0,ok,
synthetic,en,2026-05-25_0102/indextts_cpu_p3.wav,,,,,2026-05-25_0102,indextts_cpu_p3.wav,indextts,unknown,3,filename_fallback,,,-4.288741932339395,-47.627662771105456,11.163280991649374,3.331752360826806,15.17424036281179,0.623015873015873,942,0,ok,
synthetic,en,2026-05-25_0102/indextts_cpu_p4.wav,,,,,2026-05-25_0102,indextts_cpu_p4.wav,indextts,unknown,4,filename_fallback,,,-8.48493659167676,-1.7989542721978513,9.617740124692816,3.2961301890469157,5.6656689342403626,0.5508021390374331,309,0,ok,
synthetic,en,2026-05-25_0102/indextts_cuda_p1.wav,,,,,2026-05-25_0102,indextts_cuda_p1.wav,indextts,unknown,1,filename_fallback,,,-4.943359592277112,1.280488224015596,6.51518902390092,2.0865742172882746,3.250793650793651,0.609375,195,0,ok,
synthetic,en,2026-05-25_0102/indextts_cuda_p2.wav,,,,,2026-05-25_0102,indextts_cuda_p2.wav,indextts,unknown,2,filename_fallback,,,-9.841488783768224,1.4906675235677107,9.614176365122242,3.1784858928099613,5.189659863945578,0.5029239766081871,258,0,ok,
synthetic,en,2026-05-25_0102/indextts_cuda_p3.wav,,,,,2026-05-25_0102,indextts_cuda_p3.wav,indextts,unknown,3,filename_fallback,,,-3.455768433378565,-21.291185114021363,9.587805373479243,2.769126338741288,15.185850340136055,0.5822868473231989,881,0,ok,
synthetic,en,2026-05-25_0102/indextts_cuda_p4.wav,,,,,2026-05-25_0102,indextts_cuda_p4.wav,indextts,unknown,4,filename_fallback,,,-9.282751165815743,-26.782582977003926,8.571919280831546,2.9046346404366883,6.199727891156463,0.5390879478827362,331,0,ok,
synthetic,en,windows-cloning/indextts_cpu_p1.wav,,,,,windows-cloning,indextts_cpu_p1.wav,indextts,cloning,1,scores_csv,,0.0,-9.854201442522484,-23.377932860370827,11.286165163196433,3.482803770893576,3.111473922902494,0.6862745098039216,210,0,ok,
synthetic,en,windows-cloning/indextts_cpu_p2.wav,,,,,windows-cloning,indextts_cpu_p2.wav,indextts,cloning,2,scores_csv,,0.0,-11.526273441451217,-2.499136155036121,11.202494753010237,3.750082243716226,5.7004988662131515,0.5238938053097345,296,0,ok,
synthetic,en,windows-cloning/indextts_cpu_p3.wav,,,,,windows-cloning,indextts_cpu_p3.wav,indextts,cloning,3,scores_csv,,0.2121,-4.288741932339395,-47.627662771105456,11.163280991649374,3.331752360826806,15.17424036281179,0.623015873015873,942,0,ok,
synthetic,en,windows-cloning/indextts_cpu_p4.wav,,,,,windows-cloning,indextts_cpu_p4.wav,indextts,cloning,4,scores_csv,,0.2222,-8.48493659167676,-1.7989542721978513,9.617740124692816,3.2961301890469157,5.6656689342403626,0.5508021390374331,309,0,ok,
synthetic,en,windows-cloning/indextts_cuda_p1.wav,,,,,windows-cloning,indextts_cuda_p1.wav,indextts,cloning,1,scores_csv,,0.1429,-4.943359592277112,1.280488224015596,6.51518902390092,2.0865742172882746,3.250793650793651,0.609375,195,0,ok,
synthetic,en,windows-cloning/indextts_cuda_p2.wav,,,,,windows-cloning,indextts_cuda_p2.wav,indextts,cloning,2,scores_csv,,0.0,-9.841488783768224,1.4906675235677107,9.614176365122242,3.1784858928099613,5.189659863945578,0.5029239766081871,258,0,ok,
synthetic,en,windows-cloning/indextts_cuda_p3.wav,,,,,windows-cloning,indextts_cuda_p3.wav,indextts,cloning,3,scores_csv,,0.1515,-3.455768433378565,-21.291185114021363,9.587805373479243,2.769126338741288,15.185850340136055,0.5822868473231989,881,0,ok,
synthetic,en,windows-cloning/indextts_cuda_p4.wav,,,,,windows-cloning,indextts_cuda_p4.wav,indextts,cloning,4,scores_csv,,0.0556,-9.282751165815743,-26.782582977003926,8.571919280831546,2.9046346404366883,6.199727891156463,0.5390879478827362,331,0,ok,
synthetic,en,windows-default/indextts_cpu_p1.wav,,,,,windows-default,indextts_cpu_p1.wav,indextts,default,1,scores_csv,,0.0,-7.649224428956254,-44.03556185172271,15.36478112140123,4.209947582608859,2.693514739229025,0.7631578947368421,203,0,ok,
synthetic,en,windows-default/indextts_cpu_p2.wav,,,,,windows-default,indextts_cpu_p2.wav,indextts,default,2,scores_csv,,0.0,-4.083097326293024,6.803889156535646,9.10293005651653,2.9110223202582035,4.783310657596372,0.6113445378151261,291,0,ok,
synthetic,en,windows-default/indextts_cpu_p3.wav,,,,,windows-default,indextts_cpu_p3.wav,indextts,default,3,scores_csv,,0.1818,-3.708450007489361,-48.17717118958596,12.907782797144012,4.062544622082805,14.953650793650795,0.6762734584450402,1009,1,ok,
synthetic,en,windows-default/indextts_cpu_p4.wav,,,,,windows-default,indextts_cpu_p4.wav,indextts,default,4,scores_csv,,0.1667,-8.86769666834622,-26.000305197025412,13.458783075957378,3.9197388176636996,7.198185941043084,0.5857740585774058,420,0,ok,
synthetic,en,windows-default/indextts_cuda_p1.wav,,,,,windows-default,indextts_cuda_p1.wav,indextts,default,1,scores_csv,,0.0,-6.77820123866337,-46.510598380035866,14.444184265198185,3.861509398011711,2.507755102040816,0.7862903225806451,195,0,ok,
synthetic,en,windows-default/indextts_cuda_p2.wav,,,,,windows-default,indextts_cuda_p2.wav,indextts,default,2,scores_csv,,0.0526,-3.8813462129022485,-6.774859794237208,12.519270478224069,4.316635960672303,4.6439909297052155,0.5714285714285714,264,1,ok,
synthetic,en,windows-default/indextts_cuda_p3.wav,,,,,windows-default,indextts_cuda_p3.wav,indextts,default,3,scores_csv,,0.1818,-2.8845643450658365,-25.407333178086148,13.82772076654815,4.215532212520206,14.733061224489797,0.6947654656696125,1022,0,ok,
synthetic,en,windows-default/indextts_cuda_p4.wav,,,,,windows-default,indextts_cuda_p4.wav,indextts,default,4,scores_csv,,0.1111,-4.054824975087031,-65.55241859195613,10.331673367903463,3.4609944180307957,6.489977324263038,0.586687306501548,379,0,ok,
synthetic,en,2026-07-26_1623/inflect_micro_cpu_p1.wav,,,,,2026-07-26_1623,inflect_micro_cpu_p1.wav,inflect_micro,unknown,1,filename_fallback,,,-6.619479788565266,-87.04855938155896,16.32078273013736,4.62046556860031,2.4,0.7564102564102564,177,0,ok,
synthetic,en,2026-07-26_1623/inflect_micro_cpu_p2.wav,,,,,2026-07-26_1623,inflect_micro_cpu_p2.wav,inflect_micro,unknown,2,filename_fallback,,,-2.3727664671407904,-29.45741664853089,10.523687272120165,3.302241032049122,5.514666666666667,0.5238095238095238,286,0,ok,
synthetic,en,2026-07-26_1623/inflect_micro_cpu_p3.wav,,,,,2026-07-26_1623,inflect_micro_cpu_p3.wav,inflect_micro,unknown,3,filename_fallback,,,-0.7033880325561005,-42.55472526139698,9.499840642302946,3.119962296227609,15.669333333333332,0.6688020499679692,1044,0,ok,
synthetic,en,2026-07-26_1623/inflect_micro_cpu_p4.wav,,,,,2026-07-26_1623,inflect_micro_cpu_p4.wav,inflect_micro,unknown,4,filename_fallback,,,-4.045519985070392,-28.223308904400728,14.31619497935429,4.004123487669412,6.485333333333333,0.5303265940902022,341,0,ok,
synthetic,en,2026-07-26_1623/inflect_micro_cuda_p1.wav,,,,,2026-07-26_1623,inflect_micro_cuda_p1.wav,inflect_micro,unknown,1,filename_fallback,,,-4.016037591483527,-96.52165139225055,17.504533850016937,5.031451905162483,2.4,0.7222222222222222,169,0,ok,
synthetic,en,2026-07-26_1623/inflect_micro_cuda_p2.wav,,,,,2026-07-26_1623,inflect_micro_cuda_p2.wav,inflect_micro,unknown,2,filename_fallback,,,-2.279686915097233,-60.29169821298236,13.113318912612208,4.2524129524070835,5.514666666666667,0.5476190476190477,299,0,ok,
synthetic,en,2026-07-26_1623/inflect_micro_cuda_p3.wav,,,,,2026-07-26_1623,inflect_micro_cuda_p3.wav,inflect_micro,unknown,3,filename_fallback,,,-1.7244382495507475,-27.355406675705517,11.07676810388378,3.251119719666509,15.669333333333332,0.6675208199871877,1042,0,ok,
synthetic,en,2026-07-26_1623/inflect_micro_cuda_p4.wav,,,,,2026-07-26_1623,inflect_micro_cuda_p4.wav,inflect_micro,unknown,4,filename_fallback,,,-5.011036203449978,-18.54792025476655,9.89730580990084,3.1807619795680413,6.485333333333333,0.5287713841368584,340,0,ok,
synthetic,en,windows-default/inflect_micro_cpu_p1.wav,,,,,windows-default,inflect_micro_cpu_p1.wav,inflect_micro,default,1,scores_csv,,0.0,-6.619479788565266,-87.04855938155896,16.32078273013736,4.62046556860031,2.4,0.7564102564102564,177,0,ok,
synthetic,en,windows-default/inflect_micro_cpu_p2.wav,,,,,windows-default,inflect_micro_cpu_p2.wav,inflect_micro,default,2,scores_csv,,0.0,-2.3727664671407904,-29.45741664853089,10.523687272120165,3.302241032049122,5.514666666666667,0.5238095238095238,286,0,ok,
synthetic,en,windows-default/inflect_micro_cpu_p3.wav,,,,,windows-default,inflect_micro_cpu_p3.wav,inflect_micro,default,3,scores_csv,,0.1212,-0.7033880325561005,-42.55472526139698,9.499840642302946,3.119962296227609,15.669333333333332,0.6688020499679692,1044,0,ok,
synthetic,en,windows-default/inflect_micro_cpu_p4.wav,,,,,windows-default,inflect_micro_cpu_p4.wav,inflect_micro,default,4,scores_csv,,0.0,-4.045519985070392,-28.223308904400728,14.31619497935429,4.004123487669412,6.485333333333333,0.5303265940902022,341,0,ok,
synthetic,en,windows-default/inflect_micro_cuda_p1.wav,,,,,windows-default,inflect_micro_cuda_p1.wav,inflect_micro,default,1,scores_csv,,0.0,-4.016037591483527,-96.52165139225055,17.504533850016937,5.031451905162483,2.4,0.7222222222222222,169,0,ok,
synthetic,en,windows-default/inflect_micro_cuda_p2.wav,,,,,windows-default,inflect_micro_cuda_p2.wav,inflect_micro,default,2,scores_csv,,0.0,-2.279686915097233,-60.29169821298236,13.113318912612208,4.2524129524070835,5.514666666666667,0.5476190476190477,299,0,ok,
synthetic,en,windows-default/inflect_micro_cuda_p3.wav,,,,,windows-default,inflect_micro_cuda_p3.wav,inflect_micro,default,3,scores_csv,,0.1212,-1.7244382495507475,-27.355406675705517,11.07676810388378,3.251119719666509,15.669333333333332,0.6675208199871877,1042,0,ok,
synthetic,en,windows-default/inflect_micro_cuda_p4.wav,,,,,windows-default,inflect_micro_cuda_p4.wav,inflect_micro,default,4,scores_csv,,0.0,-5.011036203449978,-18.54792025476655,9.89730580990084,3.1807619795680413,6.485333333333333,0.5287713841368584,340,0,ok,
synthetic,en,2026-07-26_1623/inflect_nano_cpu_p1.wav,,,,,2026-07-26_1623,inflect_nano_cpu_p1.wav,inflect_nano,unknown,1,filename_fallback,,,-9.378310726716398,-88.28741169511025,20.709321193714178,5.2316870812892295,2.421333333333333,0.7130801687763713,169,0,ok,
synthetic,en,2026-07-26_1623/inflect_nano_cpu_p2.wav,,,,,2026-07-26_1623,inflect_nano_cpu_p2.wav,inflect_nano,unknown,2,filename_fallback,,,-4.3586598251825315,-22.906532964293945,11.617522036976762,3.7212070936829402,5.568,0.49364791288566245,272,0,ok,
synthetic,en,2026-07-26_1623/inflect_nano_cpu_p3.wav,,,,,2026-07-26_1623,inflect_nano_cpu_p3.wav,inflect_nano,unknown,3,filename_fallback,,,-3.084810854576224,-58.08826190529479,12.801285527650034,3.47988763259945,15.626666666666667,0.6801541425818882,1059,0,ok,
synthetic,en,2026-07-26_1623/inflect_nano_cpu_p4.wav,,,,,2026-07-26_1623,inflect_nano_cpu_p4.wav,inflect_nano,unknown,4,filename_fallback,,,-4.276465209158181,-27.144759147252493,9.184396777222961,3.8868925887022674,6.410666666666667,0.5078616352201258,323,0,ok,
synthetic,en,2026-07-26_1623/inflect_nano_cuda_p1.wav,,,,,2026-07-26_1623,inflect_nano_cuda_p1.wav,inflect_nano,unknown,1,filename_fallback,,,-6.924667198903767,-30.712874805062707,15.709895214915903,4.534348450716462,2.421333333333333,0.70042194092827,166,0,ok,
synthetic,en,2026-07-26_1623/inflect_nano_cuda_p2.wav,,,,,2026-07-26_1623,inflect_nano_cuda_p2.wav,inflect_nano,unknown,2,filename_fallback,,,-5.089575957033163,-21.79274442467621,12.065325003403302,3.8773738941680627,5.568,0.5226860254083484,288,0,ok,
synthetic,en,2026-07-26_1623/inflect_nano_cuda_p3.wav,,,,,2026-07-26_1623,inflect_nano_cuda_p3.wav,inflect_nano,unknown,3,filename_fallback,,,-2.976596667764567,-48.964087426993025,12.142838300417232,3.571619402152019,15.626666666666667,0.6795118818240206,1058,0,ok,
synthetic,en,2026-07-26_1623/inflect_nano_cuda_p4.wav,,,,,2026-07-26_1623,inflect_nano_cuda_p4.wav,inflect_nano,unknown,4,filename_fallback,,,-5.287192938893491,-7.569558985864899,11.069771364277102,3.7145925061553253,6.410666666666667,0.5188679245283019,330,0,ok,
synthetic,en,windows-default/inflect_nano_cpu_p1.wav,,,,,windows-default,inflect_nano_cpu_p1.wav,inflect_nano,default,1,scores_csv,,0.0,-9.378310726716398,-88.28741169511025,20.709321193714178,5.2316870812892295,2.421333333333333,0.7130801687763713,169,0,ok,
synthetic,en,windows-default/inflect_nano_cpu_p2.wav,,,,,windows-default,inflect_nano_cpu_p2.wav,inflect_nano,default,2,scores_csv,,0.0,-4.3586598251825315,-22.906532964293945,11.617522036976762,3.7212070936829402,5.568,0.49364791288566245,272,0,ok,
synthetic,en,windows-default/inflect_nano_cpu_p3.wav,,,,,windows-default,inflect_nano_cpu_p3.wav,inflect_nano,default,3,scores_csv,,0.2121,-3.084810854576224,-58.08826190529479,12.801285527650034,3.47988763259945,15.626666666666667,0.6801541425818882,1059,0,ok,
synthetic,en,windows-default/inflect_nano_cpu_p4.wav,,,,,windows-default,inflect_nano_cpu_p4.wav,inflect_nano,default,4,scores_csv,,0.0,-4.276465209158181,-27.144759147252493,9.184396777222961,3.8868925887022674,6.410666666666667,0.5078616352201258,323,0,ok,
synthetic,en,windows-default/inflect_nano_cuda_p1.wav,,,,,windows-default,inflect_nano_cuda_p1.wav,inflect_nano,default,1,scores_csv,,0.0,-6.924667198903767,-30.712874805062707,15.709895214915903,4.534348450716462,2.421333333333333,0.70042194092827,166,0,ok,
synthetic,en,windows-default/inflect_nano_cuda_p2.wav,,,,,windows-default,inflect_nano_cuda_p2.wav,inflect_nano,default,2,scores_csv,,0.0,-5.089575957033163,-21.79274442467621,12.065325003403302,3.8773738941680627,5.568,0.5226860254083484,288,0,ok,
synthetic,en,windows-default/inflect_nano_cuda_p3.wav,,,,,windows-default,inflect_nano_cuda_p3.wav,inflect_nano,default,3,scores_csv,,0.1818,-2.976596667764567,-48.964087426993025,12.142838300417232,3.571619402152019,15.626666666666667,0.6795118818240206,1058,0,ok,
synthetic,en,windows-default/inflect_nano_cuda_p4.wav,,,,,windows-default,inflect_nano_cuda_p4.wav,inflect_nano,default,4,scores_csv,,0.0556,-5.287192938893491,-7.569558985864899,11.069771364277102,3.7145925061553253,6.410666666666667,0.5188679245283019,330,0,ok,
synthetic,en,windows-default/kittentts_cpu_p1.wav,,,,,windows-default,kittentts_cpu_p1.wav,kittentts,default,1,scores_csv,,0.0,-9.247625630720718,-98.04844065655185,18.82584032510487,5.576187462350685,2.75,0.6605166051660517,179,0,ok,
synthetic,en,windows-default/kittentts_cpu_p2.wav,,,,,windows-default,kittentts_cpu_p2.wav,kittentts,default,2,scores_csv,,0.0,-5.756987748338741,-79.85293258726732,17.642239127713815,5.653111582410622,5.6,0.5935251798561151,330,0,ok,
synthetic,en,windows-default/kittentts_cpu_p3.wav,,,,,windows-default,kittentts_cpu_p3.wav,kittentts,default,3,scores_csv,,0.1515,-2.621311100408419,-19.980689027262663,16.01272057748136,4.885979087348582,16.375,0.6517747858017136,1065,1,ok,
synthetic,en,windows-default/kittentts_cpu_p4.wav,,,,,windows-default,kittentts_cpu_p4.wav,kittentts,default,4,scores_csv,,0.2222,-4.863551469315627,-52.033114424235386,17.005543425229327,4.965816545586547,6.875,0.5935672514619883,406,0,ok,
synthetic,en,windows-default/kokoro_cpu_p1.wav,,,,,windows-default,kokoro_cpu_p1.wav,kokoro,default,1,scores_csv,,0.0,-4.7226423617770426,8.188376680903211,10.795541840096078,3.0315219128541266,2.65,0.4541984732824427,119,0,ok,
synthetic,en,windows-default/kokoro_cpu_p2.wav,,,,,windows-default,kokoro_cpu_p2.wav,kokoro,default,2,scores_csv,,0.0,-2.392219452931257,18.419613814814277,17.39244721559075,4.33743658358898,5.85,0.41924398625429554,244,0,ok,
synthetic,en,windows-default/kokoro_cpu_p3.wav,,,,,windows-default,kokoro_cpu_p3.wav,kokoro,default,3,scores_csv,,0.2121,-1.673578225005093,-56.82567350023754,10.062500219522782,3.7509235870793347,17.8,0.5109735509285313,908,1,ok,
synthetic,en,windows-default/kokoro_cpu_p4.wav,,,,,windows-default,kokoro_cpu_p4.wav,kokoro,default,4,scores_csv,,0.1111,-3.951279934568635,-27.028177018906746,11.612673826257804,3.960845177864874,7.05,0.47435897435897434,333,1,ok,
synthetic,en,windows-default/kokoro_cuda_p1.wav,,,,,windows-default,kokoro_cuda_p1.wav,kokoro,default,1,scores_csv,,0.0,-4.79897766226292,4.881218550098901,10.894301721873116,3.0634743479220545,2.65,0.4580152671755725,120,0,ok,
synthetic,en,windows-default/kokoro_cuda_p2.wav,,,,,windows-default,kokoro_cuda_p2.wav,kokoro,default,2,scores_csv,,0.0,-2.383814058812376,18.1778612462747,17.406250551056416,4.337460682789209,5.85,0.41924398625429554,244,0,ok,
synthetic,en,windows-default/kokoro_cuda_p3.wav,,,,,windows-default,kokoro_cuda_p3.wav,kokoro,default,3,scores_csv,,0.2121,-1.6991707029443843,-57.47256925230327,10.014826242079511,3.655863706644693,17.8,0.5126617895329206,911,1,ok,
synthetic,en,windows-default/kokoro_cuda_p4.wav,,,,,windows-default,kokoro_cuda_p4.wav,kokoro,default,4,scores_csv,,0.1111,-3.871051256500337,-48.09120878494238,12.089057806081593,4.0200111652587704,7.05,0.47435897435897434,333,1,ok,
synthetic,en,2026-06-22_2111/lfm2_audio_cuda_p1.wav,,,,,2026-06-22_2111,lfm2_audio_cuda_p1.wav,lfm2_audio,unknown,1,filename_fallback,,,-14.334554303869647,-22.557074770415205,14.287813184106577,4.228443174892678,2.16,0.7169811320754716,152,0,ok,
synthetic,en,2026-06-22_2115/lfm2_audio_cpu_p1.wav,,,,,2026-06-22_2115,lfm2_audio_cpu_p1.wav,lfm2_audio,unknown,1,filename_fallback,,,-12.907463294389125,-25.071237949409092,14.676909339481579,4.57283889747062,2.64,0.5807692307692308,151,0,ok,
synthetic,en,2026-06-22_2116/lfm2_audio_cpu_p1.wav,,,,,2026-06-22_2116,lfm2_audio_cpu_p1.wav,lfm2_audio,unknown,1,filename_fallback,,,-14.50165691785261,-34.52338421718733,16.409561032991526,4.648658430401435,2.32,0.6622807017543859,151,0,ok,
synthetic,en,2026-06-22_2116/lfm2_audio_cpu_p2.wav,,,,,2026-06-22_2116,lfm2_audio_cpu_p2.wav,lfm2_audio,unknown,2,filename_fallback,,,-7.443044294289566,-12.221519030657324,10.79836537099208,3.1229195361963384,5.68,0.45663716814159294,258,0,ok,
synthetic,en,2026-06-22_2116/lfm2_audio_cpu_p3.wav,,,,,2026-06-22_2116,lfm2_audio_cpu_p3.wav,lfm2_audio,unknown,3,filename_fallback,,,-5.506382768956319,-35.782755366999154,9.321696689607226,3.114037366228046,15.92,0.6523929471032746,1036,0,ok,
synthetic,en,2026-06-22_2116/lfm2_audio_cpu_p4.wav,,,,,2026-06-22_2116,lfm2_audio_cpu_p4.wav,lfm2_audio,unknown,4,filename_fallback,,,-4.51710645031789,-23.935383305489967,7.929990239993892,3.2595982215265997,7.12,0.4717514124293785,334,0,ok,
synthetic,en,2026-06-22_2116/lfm2_audio_cuda_p1.wav,,,,,2026-06-22_2116,lfm2_audio_cuda_p1.wav,lfm2_audio,unknown,1,filename_fallback,,,-11.628679650011449,-22.28292852072214,11.486228132786032,3.5896731458568762,2.32,0.6403508771929824,146,0,ok,
synthetic,en,2026-06-22_2116/lfm2_audio_cuda_p2.wav,,,,,2026-06-22_2116,lfm2_audio_cuda_p2.wav,lfm2_audio,unknown,2,filename_fallback,,,-7.762249116780189,-48.49390790495575,10.528657295560105,3.7623101611960625,5.52,0.4251824817518248,233,0,ok,
synthetic,en,2026-06-22_2116/lfm2_audio_cuda_p3.wav,,,,,2026-06-22_2116,lfm2_audio_cuda_p3.wav,lfm2_audio,unknown,3,filename_fallback,,,-4.698225349022082,-44.81955589812166,10.989623716390483,3.4370620359035158,16.16,0.6011166253101737,969,0,ok,
synthetic,en,2026-06-22_2116/lfm2_audio_cuda_p4.wav,,,,,2026-06-22_2116,lfm2_audio_cuda_p4.wav,lfm2_audio,unknown,4,filename_fallback,,,-9.948184961678281,-19.86112357262747,12.280665422841235,3.753070299729092,6.88,0.49707602339181284,340,0,ok,
synthetic,en,windows-default/lfm2_audio_cpu_p1.wav,,,,,windows-default,lfm2_audio_cpu_p1.wav,lfm2_audio,default,1,scores_csv,,0.0,-14.50165691785261,-34.52338421718733,16.409561032991526,4.648658430401435,2.32,0.6622807017543859,151,0,ok,
synthetic,en,windows-default/lfm2_audio_cpu_p2.wav,,,,,windows-default,lfm2_audio_cpu_p2.wav,lfm2_audio,default,2,scores_csv,,0.0,-7.443044294289566,-12.221519030657324,10.79836537099208,3.1229195361963384,5.68,0.45663716814159294,258,0,ok,
synthetic,en,windows-default/lfm2_audio_cpu_p3.wav,,,,,windows-default,lfm2_audio_cpu_p3.wav,lfm2_audio,default,3,scores_csv,,0.2121,-5.506382768956319,-35.782755366999154,9.321696689607226,3.114037366228046,15.92,0.6523929471032746,1036,0,ok,
synthetic,en,windows-default/lfm2_audio_cpu_p4.wav,,,,,windows-default,lfm2_audio_cpu_p4.wav,lfm2_audio,default,4,scores_csv,,0.1111,-4.51710645031789,-23.935383305489967,7.929990239993892,3.2595982215265997,7.12,0.4717514124293785,334,0,ok,
synthetic,en,windows-default/lfm2_audio_cuda_p1.wav,,,,,windows-default,lfm2_audio_cuda_p1.wav,lfm2_audio,default,1,scores_csv,,0.0,-11.628679650011449,-22.28292852072214,11.486228132786032,3.5896731458568762,2.32,0.6403508771929824,146,0,ok,
synthetic,en,windows-default/lfm2_audio_cuda_p2.wav,,,,,windows-default,lfm2_audio_cuda_p2.wav,lfm2_audio,default,2,scores_csv,,0.0,-7.762249116780189,-48.49390790495575,10.528657295560105,3.7623101611960625,5.52,0.4251824817518248,233,0,ok,
synthetic,en,windows-default/lfm2_audio_cuda_p3.wav,,,,,windows-default,lfm2_audio_cuda_p3.wav,lfm2_audio,default,3,scores_csv,,0.1515,-4.698225349022082,-44.81955589812166,10.989623716390483,3.4370620359035158,16.16,0.6011166253101737,969,0,ok,
synthetic,en,windows-default/lfm2_audio_cuda_p4.wav,,,,,windows-default,lfm2_audio_cuda_p4.wav,lfm2_audio,default,4,scores_csv,,0.1111,-9.948184961678281,-19.86112357262747,12.280665422841235,3.753070299729092,6.88,0.49707602339181284,340,0,ok,
synthetic,en,2026-06-14_1322/longcat_1b_cuda_p1.wav,,,,,2026-06-14_1322,longcat_1b_cuda_p1.wav,longcat_1b,unknown,1,filename_fallback,,,-9.250510627747902,3.844535130738355,12.771486240778046,3.7957775787247368,2.304,0.7333333333333333,165,0,ok,
synthetic,en,2026-06-14_1322/longcat_1b_cuda_p2.wav,,,,,2026-06-14_1322,longcat_1b_cuda_p2.wav,longcat_1b,unknown,2,filename_fallback,,,-8.909074398990521,-44.00467387976164,16.3094672132823,5.316455236656275,6.058666666666666,0.4368770764119601,263,0,ok,
synthetic,en,2026-06-14_1322/longcat_1b_cuda_p3.wav,,,,,2026-06-14_1322,longcat_1b_cuda_p3.wav,longcat_1b,unknown,3,filename_fallback,,,-1.2078634974669877,-21.131635172311285,18.009435097966133,5.460506665569327,17.322666666666667,0.6284722222222222,1086,0,ok,
synthetic,en,2026-06-14_1322/longcat_1b_cuda_p4.wav,,,,,2026-06-14_1322,longcat_1b_cuda_p4.wav,longcat_1b,unknown,4,filename_fallback,,,-5.006476607848707,-34.59320564341094,12.5939216913781,4.638191594670819,6.485333333333333,0.49455676516329705,318,0,ok,
synthetic,en,2026-06-14_1328/longcat_1b_cuda_p1.wav,,,,,2026-06-14_1328,longcat_1b_cuda_p1.wav,longcat_1b,unknown,1,filename_fallback,,,-5.929746768561964,-18.003478434507993,7.495876955905205,2.0978632803281743,2.474666666666667,0.6363636363636364,154,0,ok,
synthetic,en,2026-06-14_1328/longcat_1b_cuda_p2.wav,,,,,2026-06-14_1328,longcat_1b_cuda_p2.wav,longcat_1b,unknown,2,filename_fallback,,,-5.3516646205557405,-7.739704655644689,6.499312578234228,3.0485827954813596,6.4,0.42992125984251967,273,0,ok,
synthetic,en,2026-06-14_1328/longcat_1b_cuda_p3.wav,,,,,2026-06-14_1328,longcat_1b_cuda_p3.wav,longcat_1b,unknown,3,filename_fallback,,,-0.9831538221491682,-23.235514262980427,7.1694514738207324,2.3724554809542004,14.848,0.6024340770791075,891,0,ok,
synthetic,en,2026-06-14_1328/longcat_1b_cuda_p4.wav,,,,,2026-06-14_1328,longcat_1b_cuda_p4.wav,longcat_1b,unknown,4,filename_fallback,,,-2.3724551735760167,20.051975257341436,5.758239380610779,1.8410762126872107,6.912,0.4358600583090379,299,0,ok,
synthetic,en,windows-cloning/longcat_1b_cuda_p1.wav,,,,,windows-cloning,longcat_1b_cuda_p1.wav,longcat_1b,cloning,1,scores_csv,,0.0,-5.929746768561964,-18.003478434507993,7.495876955905205,2.0978632803281743,2.474666666666667,0.6363636363636364,154,0,ok,
synthetic,en,windows-cloning/longcat_1b_cuda_p2.wav,,,,,windows-cloning,longcat_1b_cuda_p2.wav,longcat_1b,cloning,2,scores_csv,,0.0,-5.3516646205557405,-7.739704655644689,6.499312578234228,3.0485827954813596,6.4,0.42992125984251967,273,0,ok,
synthetic,en,windows-cloning/longcat_1b_cuda_p3.wav,,,,,windows-cloning,longcat_1b_cuda_p3.wav,longcat_1b,cloning,3,scores_csv,,0.3636,-0.9831538221491682,-23.235514262980427,7.1694514738207324,2.3724554809542004,14.848,0.6024340770791075,891,0,ok,
synthetic,en,windows-cloning/longcat_1b_cuda_p4.wav,,,,,windows-cloning,longcat_1b_cuda_p4.wav,longcat_1b,cloning,4,scores_csv,,0.2222,-2.3724551735760167,20.051975257341436,5.758239380610779,1.8410762126872107,6.912,0.4358600583090379,299,0,ok,
synthetic,en,windows-default/longcat_1b_cuda_p1.wav,,,,,windows-default,longcat_1b_cuda_p1.wav,longcat_1b,default,1,scores_csv,,0.0,-9.250510627747902,3.844535130738355,12.771486240778046,3.7957775787247368,2.304,0.7333333333333333,165,0,ok,
synthetic,en,windows-default/longcat_1b_cuda_p2.wav,,,,,windows-default,longcat_1b_cuda_p2.wav,longcat_1b,default,2,scores_csv,,0.0,-8.909074398990521,-44.00467387976164,16.3094672132823,5.316455236656275,6.058666666666666,0.4368770764119601,263,0,ok,
synthetic,en,windows-default/longcat_1b_cuda_p3.wav,,,,,windows-default,longcat_1b_cuda_p3.wav,longcat_1b,default,3,scores_csv,,0.1515,-1.2078634974669877,-21.131635172311285,18.009435097966133,5.460506665569327,17.322666666666667,0.6284722222222222,1086,0,ok,
synthetic,en,windows-default/longcat_1b_cuda_p4.wav,,,,,windows-default,longcat_1b_cuda_p4.wav,longcat_1b,default,4,scores_csv,,0.2222,-5.006476607848707,-34.59320564341094,12.5939216913781,4.638191594670819,6.485333333333333,0.49455676516329705,318,0,ok,
synthetic,en,2026-06-14_1322/longcat_3p5b_cuda_p1.wav,,,,,2026-06-14_1322,longcat_3p5b_cuda_p1.wav,longcat_3p5b,unknown,1,filename_fallback,,,-4.156854606197482,10.59487648933844,9.026972709485435,2.688645690578376,2.304,0.6858407079646017,155,0,ok,
synthetic,en,2026-06-14_1322/longcat_3p5b_cuda_p2.wav,,,,,2026-06-14_1322,longcat_3p5b_cuda_p2.wav,longcat_3p5b,unknown,2,filename_fallback,,,-7.585363936073875,9.911828770200353,18.7244985799952,5.298276889409817,6.058666666666666,0.4684385382059801,282,0,ok,
synthetic,en,2026-06-14_1322/longcat_3p5b_cuda_p3.wav,,,,,2026-06-14_1322,longcat_3p5b_cuda_p3.wav,longcat_3p5b,unknown,3,filename_fallback,,,-3.418482235036057,-21.436566038916787,15.177764207901356,4.983972209788908,17.322666666666667,0.595830920671685,1029,0,ok,
synthetic,en,2026-06-14_1322/longcat_3p5b_cuda_p4.wav,,,,,2026-06-14_1322,longcat_3p5b_cuda_p4.wav,longcat_3p5b,unknown,4,filename_fallback,,,-6.0889641118487825,-37.19465817619625,12.831540980463902,4.526381170072988,6.485333333333333,0.5116640746500778,329,0,ok,
synthetic,en,2026-06-14_1328/longcat_3p5b_cuda_p1.wav,,,,,2026-06-14_1328,longcat_3p5b_cuda_p1.wav,longcat_3p5b,unknown,1,filename_fallback,,,-6.115484203857265,-14.218424979856895,6.773589392351383,2.2366743503765893,2.474666666666667,0.5661157024793388,137,0,ok,
synthetic,en,2026-06-14_1328/longcat_3p5b_cuda_p2.wav,,,,,2026-06-14_1328,longcat_3p5b_cuda_p2.wav,longcat_3p5b,unknown,2,filename_fallback,,,-5.845018545025864,-6.391643662705232,6.590823358629294,2.2394440015366195,6.4,0.4519685039370079,287,0,ok,
synthetic,en,2026-06-14_1328/longcat_3p5b_cuda_p3.wav,,,,,2026-06-14_1328,longcat_3p5b_cuda_p3.wav,longcat_3p5b,unknown,3,filename_fallback,,,3.5527442784216907,8.919404271589448,6.808856486843523,2.320810691856177,18.432,0.6022850924918389,1107,0,ok,
synthetic,en,2026-06-14_1328/longcat_3p5b_cuda_p4.wav,,,,,2026-06-14_1328,longcat_3p5b_cuda_p4.wav,longcat_3p5b,unknown,4,filename_fallback,,,1.0361624627753832,30.23207199577797,8.592973017264981,2.6266486729892753,6.912,0.4139941690962099,284,0,ok,
synthetic,en,windows-cloning/longcat_3p5b_cuda_p1.wav,,,,,windows-cloning,longcat_3p5b_cuda_p1.wav,longcat_3p5b,cloning,1,scores_csv,,0.4286,-6.115484203857265,-14.218424979856895,6.773589392351383,2.2366743503765893,2.474666666666667,0.5661157024793388,137,0,ok,
synthetic,en,windows-cloning/longcat_3p5b_cuda_p2.wav,,,,,windows-cloning,longcat_3p5b_cuda_p2.wav,longcat_3p5b,cloning,2,scores_csv,,0.0,-5.845018545025864,-6.391643662705232,6.590823358629294,2.2394440015366195,6.4,0.4519685039370079,287,0,ok,
synthetic,en,windows-cloning/longcat_3p5b_cuda_p3.wav,,,,,windows-cloning,longcat_3p5b_cuda_p3.wav,longcat_3p5b,cloning,3,scores_csv,,0.303,3.5527442784216907,8.919404271589448,6.808856486843523,2.320810691856177,18.432,0.6022850924918389,1107,0,ok,
synthetic,en,windows-cloning/longcat_3p5b_cuda_p4.wav,,,,,windows-cloning,longcat_3p5b_cuda_p4.wav,longcat_3p5b,cloning,4,scores_csv,,0.2222,1.0361624627753832,30.23207199577797,8.592973017264981,2.6266486729892753,6.912,0.4139941690962099,284,0,ok,
synthetic,en,windows-default/longcat_3p5b_cuda_p1.wav,,,,,windows-default,longcat_3p5b_cuda_p1.wav,longcat_3p5b,default,1,scores_csv,,0.0,-4.156854606197482,10.59487648933844,9.026972709485435,2.688645690578376,2.304,0.6858407079646017,155,0,ok,
synthetic,en,windows-default/longcat_3p5b_cuda_p2.wav,,,,,windows-default,longcat_3p5b_cuda_p2.wav,longcat_3p5b,default,2,scores_csv,,0.0,-7.585363936073875,9.911828770200353,18.7244985799952,5.298276889409817,6.058666666666666,0.4684385382059801,282,0,ok,
synthetic,en,windows-default/longcat_3p5b_cuda_p3.wav,,,,,windows-default,longcat_3p5b_cuda_p3.wav,longcat_3p5b,default,3,scores_csv,,0.1515,-3.418482235036057,-21.436566038916787,15.177764207901356,4.983972209788908,17.322666666666667,0.595830920671685,1029,0,ok,
synthetic,en,windows-default/longcat_3p5b_cuda_p4.wav,,,,,windows-default,longcat_3p5b_cuda_p4.wav,longcat_3p5b,default,4,scores_csv,,0.1667,-6.0889641118487825,-37.19465817619625,12.831540980463902,4.526381170072988,6.485333333333333,0.5116640746500778,329,0,ok,
synthetic,en,2026-05-25_0505/magpie_cpu_p1.wav,,,,,2026-05-25_0505,magpie_cpu_p1.wav,magpie,unknown,1,filename_fallback,,,-7.36649723335415,-53.1742092225192,14.811766587302216,4.3384266602102,2.9257142857142857,0.5853658536585366,168,1,ok,
synthetic,en,2026-05-25_0505/magpie_cpu_p2.wav,,,,,2026-05-25_0505,magpie_cpu_p2.wav,magpie,unknown,2,filename_fallback,,,-3.1914836571403074,3.736396182207582,12.344749776978627,3.7860260680332107,6.130068027210885,0.4236453201970443,258,0,ok,
synthetic,en,2026-05-25_0505/magpie_cpu_p3.wav,,,,,2026-05-25_0505,magpie_cpu_p3.wav,magpie,unknown,3,filename_fallback,,,-1.1593521855295883,-28.81264664525636,9.633565231871795,3.4837769705365362,18.668843537414965,0.5553168635875403,1034,1,ok,
synthetic,en,2026-05-25_0505/magpie_cpu_p4.wav,,,,,2026-05-25_0505,magpie_cpu_p4.wav,magpie,unknown,4,filename_fallback,,,-1.3274964123114141,4.952741930859171,15.934213391291179,4.255792489391916,10.077460317460318,0.38085742771684944,382,0,ok,
synthetic,en,2026-05-25_0505/magpie_cuda_p1.wav,,,,,2026-05-25_0505,magpie_cuda_p1.wav,magpie,unknown,1,filename_fallback,,,-5.236903676700348,-56.909817984259725,12.994591439717667,3.8798825096686675,3.250793650793651,0.525,168,0,ok,
synthetic,en,2026-05-25_0505/magpie_cuda_p2.wav,,,,,2026-05-25_0505,magpie_cuda_p2.wav,magpie,unknown,2,filename_fallback,,,-3.0040707919492298,-4.851315450175208,14.580959797279123,4.117271601174912,6.548027210884354,0.4338461538461538,282,0,ok,
synthetic,en,2026-05-25_0505/magpie_cuda_p3.wav,,,,,2026-05-25_0505,magpie_cuda_p3.wav,magpie,unknown,3,filename_fallback,,,-4.645660827148144,-31.233669590541325,10.972994945293921,3.5455293449861074,17.08988662131519,0.5686619718309859,969,0,ok,
synthetic,en,2026-05-25_0505/magpie_cuda_p4.wav,,,,,2026-05-25_0505,magpie_cuda_p4.wav,magpie,unknown,4,filename_fallback,,,-1.5776964113861178,20.7023276913977,13.912364874384071,4.8044829311060795,9.7059410430839,0.37267080745341613,360,0,ok,
synthetic,en,windows-default/magpie_cpu_p1.wav,,,,,windows-default,magpie_cpu_p1.wav,magpie,default,1,scores_csv,,0.1429,-7.36649723335415,-53.1742092225192,14.811766587302216,4.3384266602102,2.9257142857142857,0.5853658536585366,168,1,ok,
synthetic,en,windows-default/magpie_cpu_p2.wav,,,,,windows-default,magpie_cpu_p2.wav,magpie,default,2,scores_csv,,0.0,-3.1914836571403074,3.736396182207582,12.344749776978627,3.7860260680332107,6.130068027210885,0.4236453201970443,258,0,ok,
synthetic,en,windows-default/magpie_cpu_p3.wav,,,,,windows-default,magpie_cpu_p3.wav,magpie,default,3,scores_csv,,0.1818,-1.1593521855295883,-28.81264664525636,9.633565231871795,3.4837769705365362,18.668843537414965,0.5553168635875403,1034,1,ok,
synthetic,en,windows-default/magpie_cpu_p4.wav,,,,,windows-default,magpie_cpu_p4.wav,magpie,default,4,scores_csv,,0.0556,-1.3274964123114141,4.952741930859171,15.934213391291179,4.255792489391916,10.077460317460318,0.38085742771684944,382,0,ok,
synthetic,en,windows-default/magpie_cuda_p1.wav,,,,,windows-default,magpie_cuda_p1.wav,magpie,default,1,scores_csv,,0.1429,-5.236903676700348,-56.909817984259725,12.994591439717667,3.8798825096686675,3.250793650793651,0.525,168,0,ok,
synthetic,en,windows-default/magpie_cuda_p2.wav,,,,,windows-default,magpie_cuda_p2.wav,magpie,default,2,scores_csv,,0.0,-3.0040707919492298,-4.851315450175208,14.580959797279123,4.117271601174912,6.548027210884354,0.4338461538461538,282,0,ok,
synthetic,en,windows-default/magpie_cuda_p3.wav,,,,,windows-default,magpie_cuda_p3.wav,magpie,default,3,scores_csv,,0.1818,-4.645660827148144,-31.233669590541325,10.972994945293921,3.5455293449861074,17.08988662131519,0.5686619718309859,969,0,ok,
synthetic,en,windows-default/magpie_cuda_p4.wav,,,,,windows-default,magpie_cuda_p4.wav,magpie,default,4,scores_csv,,0.1111,-1.5776964113861178,20.7023276913977,13.912364874384071,4.8044829311060795,9.7059410430839,0.37267080745341613,360,0,ok,
synthetic,en,windows-cloning/mars5_cpu_p4.wav,,,,,windows-cloning,mars5_cpu_p4.wav,mars5,cloning,4,scores_csv,,0.5,-3.4370567607056697,5.639206538116856,8.790986651355599,2.736693695024407,5.373333333333333,0.24812030075187969,132,0,ok,
synthetic,en,windows-cloning/mars5_cuda_p4.wav,,,,,windows-cloning,mars5_cuda_p4.wav,mars5,cloning,4,scores_csv,,0.5,-3.986271853709709,35.76568273379602,14.81256309876339,3.92005520186673,5.253333333333333,0.19423076923076923,101,0,ok,
synthetic,en,windows-default/mars5_cpu_p1.wav,,,,,windows-default,mars5_cpu_p1.wav,mars5,default,1,scores_csv,,0.0,-15.242794260621666,-1.6222801343701414,15.329605869050525,4.781515711193082,2.112,0.9134615384615384,190,0,ok,
synthetic,en,windows-default/mars5_cpu_p2.wav,,,,,windows-default,mars5_cpu_p2.wav,mars5,default,2,scores_csv,,0.1053,-2.846814166612522,-5.341411575275714,4.721788612765101,1.3946917585770167,4.608,0.6564551422319475,300,0,ok,
synthetic,en,windows-default/mars5_cpu_p3.wav,,,,,windows-default,mars5_cpu_p3.wav,mars5,default,3,scores_csv,,0.4545,-1.1698629393971751,-9.593687494648616,8.184428619020327,2.484073325694991,18.490666666666666,0.6505958829902492,1201,1,ok,
synthetic,en,windows-default/mars5_cpu_p4.wav,,,,,windows-default,mars5_cpu_p4.wav,mars5,default,4,scores_csv,,0.3889,-2.6150715713601884,-16.893236296281533,7.314406648054606,2.099652065050659,6.656,0.6117824773413897,405,0,ok,
synthetic,en,windows-default/mars5_cuda_p1.wav,,,,,windows-default,mars5_cuda_p1.wav,mars5,default,1,scores_csv,,0.0,-13.135276958077535,-15.613608154386784,14.401850601476447,3.963085592293349,2.066666666666667,0.9458128078817734,192,0,ok,
synthetic,en,windows-default/mars5_cuda_p2.wav,,,,,windows-default,mars5_cuda_p2.wav,mars5,default,2,scores_csv,,0.1053,-0.6698478367007551,22.51604385007554,12.078931768875435,3.8808747935804457,5.653333333333333,0.5559502664298401,313,0,ok,
synthetic,en,2026-05-30_2241/maya1_cpu_p1.wav,,,,,2026-05-30_2241,maya1_cpu_p1.wav,maya1,unknown,1,filename_fallback,,,-7.275574491414942,-55.142945251418666,9.345236625204416,2.621455624071787,2.986666666666667,0.689419795221843,202,0,ok,
synthetic,en,2026-05-30_2241/maya1_cpu_p2.wav,,,,,2026-05-30_2241,maya1_cpu_p2.wav,maya1,unknown,2,filename_fallback,,,-2.7541475060911162,-6.760595608438475,10.782028100543835,3.3807919589245072,5.973333333333334,0.4864864864864865,288,0,ok,
synthetic,en,2026-05-30_2241/maya1_cpu_p3.wav,,,,,2026-05-30_2241,maya1_cpu_p3.wav,maya1,unknown,3,filename_fallback,,,-3.6156167043785383,-23.202024821337613,7.778202059723352,2.5030038789625126,16.72533333333333,0.7156568686262748,1193,0,ok,
synthetic,en,2026-05-30_2241/maya1_cuda_p1.wav,,,,,2026-05-30_2241,maya1_cuda_p1.wav,maya1,unknown,1,filename_fallback,,,-10.239714615018285,-30.33405195754289,11.56346711968172,3.685086982469219,2.56,0.6693227091633466,168,0,ok,
synthetic,en,2026-05-30_2241/maya1_cuda_p2.wav,,,,,2026-05-30_2241,maya1_cuda_p2.wav,maya1,unknown,2,filename_fallback,,,-2.3101154069294676,-6.005879371367,11.346095275999467,3.3187827683760998,6.058666666666666,0.49833333333333335,299,0,ok,
synthetic,en,2026-05-30_2241/maya1_cuda_p3.wav,,,,,2026-05-30_2241,maya1_cuda_p3.wav,maya1,unknown,3,filename_fallback,,,-3.916730875412375,-34.291881179103356,9.66527598443782,2.975310010868897,16.896,0.754750593824228,1271,0,ok,
synthetic,en,2026-05-30_2241/maya1_cuda_p4.wav,,,,,2026-05-30_2241,maya1_cuda_p4.wav,maya1,unknown,4,filename_fallback,,,-3.4443594754446862,-17.10783821013012,10.155568709855643,2.9612629017620997,9.728,0.5398138572905895,522,0,ok,
synthetic,en,windows-default/maya1_cpu_p1.wav,,,,,windows-default,maya1_cpu_p1.wav,maya1,default,1,scores_csv,,0.0,-7.275574491414942,-55.142945251418666,9.345236625204416,2.621455624071787,2.986666666666667,0.689419795221843,202,0,ok,
synthetic,en,windows-default/maya1_cpu_p2.wav,,,,,windows-default,maya1_cpu_p2.wav,maya1,default,2,scores_csv,,0.0,-2.7541475060911162,-6.760595608438475,10.782028100543835,3.3807919589245072,5.973333333333334,0.4864864864864865,288,0,ok,
synthetic,en,windows-default/maya1_cpu_p3.wav,,,,,windows-default,maya1_cpu_p3.wav,maya1,default,3,scores_csv,,0.1212,-3.6156167043785383,-23.202024821337613,7.778202059723352,2.5030038789625126,16.72533333333333,0.7156568686262748,1193,0,ok,
synthetic,en,windows-default/maya1_cuda_p1.wav,,,,,windows-default,maya1_cuda_p1.wav,maya1,default,1,scores_csv,,0.0,-10.239714615018285,-30.33405195754289,11.56346711968172,3.685086982469219,2.56,0.6693227091633466,168,0,ok,
synthetic,en,windows-default/maya1_cuda_p2.wav,,,,,windows-default,maya1_cuda_p2.wav,maya1,default,2,scores_csv,,0.0,-2.3101154069294676,-6.005879371367,11.346095275999467,3.3187827683760998,6.058666666666666,0.49833333333333335,299,0,ok,
synthetic,en,windows-default/maya1_cuda_p3.wav,,,,,windows-default,maya1_cuda_p3.wav,maya1,default,3,scores_csv,,0.1515,-3.916730875412375,-34.291881179103356,9.66527598443782,2.975310010868897,16.896,0.754750593824228,1271,0,ok,
synthetic,en,windows-default/maya1_cuda_p4.wav,,,,,windows-default,maya1_cuda_p4.wav,maya1,default,4,scores_csv,,0.1111,-3.4443594754446862,-17.10783821013012,10.155568709855643,2.9612629017620997,9.728,0.5398138572905895,522,0,ok,
synthetic,en,2026-06-03_1121/melotts_cpu_p1.wav,,,,,2026-06-03_1121,melotts_cpu_p1.wav,melotts,unknown,1,filename_fallback,,,-9.2321628112599,-16.976840258250174,12.94766665095032,3.561455407763376,3.0802040816326532,0.5409836065573771,165,0,ok,
synthetic,en,2026-06-03_1121/melotts_cpu_p2.wav,,,,,2026-06-03_1121,melotts_cpu_p2.wav,melotts,unknown,2,filename_fallback,,,-2.266530254597607,-6.295293818128863,7.266545051515803,2.1300446733469363,6.47031746031746,0.44031007751937984,284,0,ok,
synthetic,en,2026-06-03_1121/melotts_cpu_p3.wav,,,,,2026-06-03_1121,melotts_cpu_p3.wav,melotts,unknown,3,filename_fallback,,,-3.8857766014679394,-23.168452548248442,8.580508329836256,2.687845231820725,16.071768707482992,0.594392523364486,954,0,ok,
synthetic,en,2026-06-03_1121/melotts_cpu_p4.wav,,,,,2026-06-03_1121,melotts_cpu_p4.wav,melotts,unknown,4,filename_fallback,,,-3.941653606345095,-9.39176906886253,7.086802710531982,2.0588290814385495,7.283015873015873,0.5082644628099173,369,0,ok,
synthetic,en,2026-06-03_1121/melotts_cuda_p1.wav,,,,,2026-06-03_1121,melotts_cuda_p1.wav,melotts,unknown,1,filename_fallback,,,-8.995927550900909,-14.096762875902876,12.415484502029873,3.48460736617924,2.9292743764172338,0.5517241379310345,160,0,ok,
synthetic,en,2026-06-03_1121/melotts_cuda_p2.wav,,,,,2026-06-03_1121,melotts_cuda_p2.wav,melotts,unknown,2,filename_fallback,,,-3.4180763440697586,-2.634040282427466,7.985728743054289,2.4253333478357404,6.35421768707483,0.4549763033175355,288,0,ok,
synthetic,en,2026-06-03_1121/melotts_cuda_p3.wav,,,,,2026-06-03_1121,melotts_cuda_p3.wav,melotts,unknown,3,filename_fallback,,,-3.258409932077312,-23.131035169425445,8.462139411817514,2.6110941287915876,15.920839002267574,0.6176100628930817,982,0,ok,
synthetic,en,2026-06-03_1121/melotts_cuda_p4.wav,,,,,2026-06-03_1121,melotts_cuda_p4.wav,melotts,unknown,4,filename_fallback,,,-4.997834662867322,-7.017903798284364,8.344675721050418,2.3366063232106247,7.283015873015873,0.5275482093663911,383,0,ok,
synthetic,en,windows-default/melotts_cpu_p1.wav,,,,,windows-default,melotts_cpu_p1.wav,melotts,default,1,scores_csv,,0.0,-9.2321628112599,-16.976840258250174,12.94766665095032,3.561455407763376,3.0802040816326532,0.5409836065573771,165,0,ok,
synthetic,en,windows-default/melotts_cpu_p2.wav,,,,,windows-default,melotts_cpu_p2.wav,melotts,default,2,scores_csv,,0.0526,-2.266530254597607,-6.295293818128863,7.266545051515803,2.1300446733469363,6.47031746031746,0.44031007751937984,284,0,ok,
synthetic,en,windows-default/melotts_cpu_p3.wav,,,,,windows-default,melotts_cpu_p3.wav,melotts,default,3,scores_csv,,0.2121,-3.8857766014679394,-23.168452548248442,8.580508329836256,2.687845231820725,16.071768707482992,0.594392523364486,954,0,ok,
synthetic,en,windows-default/melotts_cpu_p4.wav,,,,,windows-default,melotts_cpu_p4.wav,melotts,default,4,scores_csv,,0.0556,-3.941653606345095,-9.39176906886253,7.086802710531982,2.0588290814385495,7.283015873015873,0.5082644628099173,369,0,ok,
synthetic,en,windows-default/melotts_cuda_p1.wav,,,,,windows-default,melotts_cuda_p1.wav,melotts,default,1,scores_csv,,0.0,-8.995927550900909,-14.096762875902876,12.415484502029873,3.48460736617924,2.9292743764172338,0.5517241379310345,160,0,ok,
synthetic,en,windows-default/melotts_cuda_p2.wav,,,,,windows-default,melotts_cuda_p2.wav,melotts,default,2,scores_csv,,0.0526,-3.4180763440697586,-2.634040282427466,7.985728743054289,2.4253333478357404,6.35421768707483,0.4549763033175355,288,0,ok,
synthetic,en,windows-default/melotts_cuda_p3.wav,,,,,windows-default,melotts_cuda_p3.wav,melotts,default,3,scores_csv,,0.1818,-3.258409932077312,-23.131035169425445,8.462139411817514,2.6110941287915876,15.920839002267574,0.6176100628930817,982,0,ok,
synthetic,en,windows-default/melotts_cuda_p4.wav,,,,,windows-default,melotts_cuda_p4.wav,melotts,default,4,scores_csv,,0.0556,-4.997834662867322,-7.017903798284364,8.344675721050418,2.3366063232106247,7.283015873015873,0.5275482093663911,383,0,ok,
synthetic,en,2026-06-02_2107/miratts_cuda_p1.wav,,,,,2026-06-02_2107,miratts_cuda_p1.wav,miratts,unknown,1,filename_fallback,,,-10.167875045553128,-8.464303412799781,12.21002905354422,3.9916228546756845,4.1,0.4691358024691358,190,0,ok,
synthetic,en,2026-06-02_2108/miratts_cuda_p1.wav,,,,,2026-06-02_2108,miratts_cuda_p1.wav,miratts,unknown,1,filename_fallback,,,-10.167875045553128,-8.464303412799781,12.21002905354422,3.9916228546756845,4.1,0.4691358024691358,190,0,ok,
synthetic,en,2026-06-02_2108/miratts_cuda_p2.wav,,,,,2026-06-02_2108,miratts_cuda_p2.wav,miratts,unknown,2,filename_fallback,,,-10.239232972771726,0.9861167442333212,14.787039332714926,4.431034390171393,7.84,0.5096277278562259,397,0,ok,
synthetic,en,2026-06-02_2108/miratts_cuda_p3.wav,,,,,2026-06-02_2108,miratts_cuda_p3.wav,miratts,unknown,3,filename_fallback,,,-1.6385077143159201,11.792602824592024,3.9326394493709094,1.2461663474081317,20.48,0.5531081742535487,1130,0,ok,
synthetic,en,2026-06-02_2108/miratts_cuda_p4.wav,,,,,2026-06-02_2108,miratts_cuda_p4.wav,miratts,unknown,4,filename_fallback,,,-6.337844803170546,-32.092915204996686,17.37090635165302,4.718944008343498,10.86,0.48518518518518516,524,0,ok,
synthetic,en,windows-cloning/miratts_cuda_p1.wav,,,,,windows-cloning,miratts_cuda_p1.wav,miratts,cloning,1,scores_csv,,0.0,-10.167875045553128,-8.464303412799781,12.21002905354422,3.9916228546756845,4.1,0.4691358024691358,190,0,ok,
synthetic,en,windows-cloning/miratts_cuda_p2.wav,,,,,windows-cloning,miratts_cuda_p2.wav,miratts,cloning,2,scores_csv,,0.2105,-10.239232972771726,0.9861167442333212,14.787039332714926,4.431034390171393,7.84,0.5096277278562259,397,0,ok,
synthetic,en,windows-cloning/miratts_cuda_p3.wav,,,,,windows-cloning,miratts_cuda_p3.wav,miratts,cloning,3,scores_csv,,0.1818,-1.6385077143159201,11.792602824592024,3.9326394493709094,1.2461663474081317,20.48,0.5531081742535487,1130,0,ok,
synthetic,en,windows-cloning/miratts_cuda_p4.wav,,,,,windows-cloning,miratts_cuda_p4.wav,miratts,cloning,4,scores_csv,,0.3333,-6.337844803170546,-32.092915204996686,17.37090635165302,4.718944008343498,10.86,0.48518518518518516,524,0,ok,
synthetic,en,2026-06-10_1205/miso_cuda_p1.wav,,,,,2026-06-10_1205,miso_cuda_p1.wav,miso,unknown,1,filename_fallback,,,-8.068750727565792,-34.376935415462924,11.096298590958224,3.319934537232881,2.88,0.6842105263157895,195,0,ok,
synthetic,en,2026-06-10_1205/miso_cuda_p2.wav,,,,,2026-06-10_1205,miso_cuda_p2.wav,miso,unknown,2,filename_fallback,,,-4.317043215504544,5.515555824719586,7.996650866577315,2.4174378797176255,6.88,0.6,411,0,ok,
synthetic,en,2026-06-10_1205/miso_cuda_p3.wav,,,,,2026-06-10_1205,miso_cuda_p3.wav,miso,unknown,3,filename_fallback,,,-1.904606118504896,-13.578351805441661,11.013375179548287,3.5052823391457992,28.88,0.4615117891816921,1331,1,ok,
synthetic,en,2026-06-10_1205/miso_cuda_p4.wav,,,,,2026-06-10_1205,miso_cuda_p4.wav,miso,unknown,4,filename_fallback,,,2.496226671244832,17.057642536270944,8.743467396324874,2.684540457523287,6.56,0.7672281776416539,501,0,ok,
synthetic,en,2026-06-10_1214/miso_cuda_p1.wav,,,,,2026-06-10_1214,miso_cuda_p1.wav,miso,unknown,1,filename_fallback,,,1.1740939618884318,-3.0595756725845575,4.195696482063093,1.259507042909521,1.2,0.42105263157894735,48,0,ok,
synthetic,en,2026-06-10_1214/miso_cuda_p2.wav,,,,,2026-06-10_1214,miso_cuda_p2.wav,miso,unknown,2,filename_fallback,,,-8.181086101669699,-12.345636087793563,10.511542226829363,3.1035163104886823,5.12,0.4990138067061144,253,0,ok,
synthetic,en,2026-06-10_1214/miso_cuda_p3.wav,,,,,2026-06-10_1214,miso_cuda_p3.wav,miso,unknown,3,filename_fallback,,,-9.357703230148278,13.878175969414915,10.185968944531531,3.128578062104357,30.0,0.24908180300500835,746,0,ok,
synthetic,en,2026-06-10_1214/miso_cuda_p4.wav,,,,,2026-06-10_1214,miso_cuda_p4.wav,miso,unknown,4,filename_fallback,,,9.955773735012528,61.154794566959765,6.09751039050059,3.4455553739226024,11.04,0.3151183970856102,346,0,ok,
synthetic,en,windows-cloning/miso_cuda_p2.wav,,,,,windows-cloning,miso_cuda_p2.wav,miso,cloning,2,scores_csv,,0.1579,-8.181086101669699,-12.345636087793563,10.511542226829363,3.1035163104886823,5.12,0.4990138067061144,253,0,ok,
synthetic,en,windows-default/miso_cuda_p1.wav,,,,,windows-default,miso_cuda_p1.wav,miso,default,1,scores_csv,,0.0,-8.068750727565792,-34.376935415462924,11.096298590958224,3.319934537232881,2.88,0.6842105263157895,195,0,ok,
synthetic,en,windows-default/miso_cuda_p2.wav,,,,,windows-default,miso_cuda_p2.wav,miso,default,2,scores_csv,,0.2632,-4.317043215504544,5.515555824719586,7.996650866577315,2.4174378797176255,6.88,0.6,411,0,ok,
synthetic,en,2026-05-25_0037/moss_tts_cuda_p1.wav,,,,,2026-05-25_0037,moss_tts_cuda_p1.wav,moss_tts,unknown,1,filename_fallback,,,-6.071599275536701,-33.55076461715359,8.400907478558358,2.355151856008857,2.8,0.8832116788321168,242,0,ok,
synthetic,en,2026-05-25_0037/moss_tts_cuda_p2.wav,,,,,2026-05-25_0037,moss_tts_cuda_p2.wav,moss_tts,unknown,2,filename_fallback,,,-14.251318759544342,-5.654642797761109,14.85624847087866,4.146129324037656,7.28,0.44536652835408025,322,0,ok,
synthetic,en,2026-05-25_0037/moss_tts_cuda_p3.wav,,,,,2026-05-25_0037,moss_tts_cuda_p3.wav,moss_tts,unknown,3,filename_fallback,,,-5.9647444009240145,-36.09460687200014,10.754567631932723,3.3874549894883996,15.52,0.6410090556274256,991,0,ok,
synthetic,en,2026-05-25_0037/moss_tts_cuda_p4.wav,,,,,2026-05-25_0037,moss_tts_cuda_p4.wav,moss_tts,unknown,4,filename_fallback,,,-6.487077054115834,-9.976363621747558,8.379707164283928,2.7395333033828235,7.12,0.5502121640735502,389,0,ok,
synthetic,en,2026-05-25_0102/moss_tts_cuda_p1.wav,,,,,2026-05-25_0102,moss_tts_cuda_p1.wav,moss_tts,unknown,1,filename_fallback,,,-5.496309148375514,-15.979620642163695,10.037514903772326,3.069116090479283,3.2,0.6910828025477707,217,0,ok,
synthetic,en,2026-05-25_0102/moss_tts_cuda_p2.wav,,,,,2026-05-25_0102,moss_tts_cuda_p2.wav,moss_tts,unknown,2,filename_fallback,,,-2.9722924756121483,-17.93804602438765,9.218061780460346,2.7864102502552117,5.68,0.46003552397868563,259,0,ok,
synthetic,en,2026-05-25_0102/moss_tts_cuda_p3.wav,,,,,2026-05-25_0102,moss_tts_cuda_p3.wav,moss_tts,unknown,3,filename_fallback,,,-4.477912498599724,-5.764024073913949,7.279344448036502,2.678121328057413,19.68,0.5303107488537953,1041,1,ok,
synthetic,en,2026-05-25_0102/moss_tts_cuda_p4.wav,,,,,2026-05-25_0102,moss_tts_cuda_p4.wav,moss_tts,unknown,4,filename_fallback,,,-3.3537864748520283,16.756475373729,11.032994072016681,3.9292212522772543,7.04,0.4291845493562232,300,0,ok,
synthetic,en,2026-06-07_2331/moss_tts_cuda_p1.wav,,,,,2026-06-07_2331,moss_tts_cuda_p1.wav,moss_tts,unknown,1,filename_fallback,,,-3.057313426126968,-12.97596059627649,7.482937696452863,2.0124795307281187,3.04,0.46153846153846156,138,0,ok,
synthetic,en,2026-06-07_2331/moss_tts_cuda_p2.wav,,,,,2026-06-07_2331,moss_tts_cuda_p2.wav,moss_tts,unknown,2,filename_fallback,,,-8.734960333895891,-26.274096230096028,12.574933597365192,3.642648993597553,4.8,0.48,228,0,ok,
synthetic,en,2026-06-07_2331/moss_tts_cuda_p3.wav,,,,,2026-06-07_2331,moss_tts_cuda_p3.wav,moss_tts,unknown,3,filename_fallback,,,-4.824144029047305,-23.44827972506174,9.063146994253493,2.868146747032005,14.72,0.6759890859481582,991,0,ok,
synthetic,en,2026-06-07_2331/moss_tts_cuda_p4.wav,,,,,2026-06-07_2331,moss_tts_cuda_p4.wav,moss_tts,unknown,4,filename_fallback,,,-5.8229445102029445,-29.7607433272133,8.888744402236226,3.1794999810317957,7.2,0.6097902097902098,436,1,ok,
synthetic,en,2026-06-07_2334/moss_tts_cuda_p1.wav,,,,,2026-06-07_2334,moss_tts_cuda_p1.wav,moss_tts,unknown,1,filename_fallback,,,-2.1974368733331473,-12.273453686188837,3.1060923810003525,1.0816583030568039,1.92,0.7849462365591398,146,0,ok,
synthetic,en,2026-06-07_2334/moss_tts_cuda_p2.wav,,,,,2026-06-07_2334,moss_tts_cuda_p2.wav,moss_tts,unknown,2,filename_fallback,,,-9.564924443458008,-34.360904093136114,12.822275930999698,3.8349437185330806,7.68,0.41022280471821754,313,0,ok,
synthetic,en,2026-06-07_2334/moss_tts_cuda_p3.wav,,,,,2026-06-07_2334,moss_tts_cuda_p3.wav,moss_tts,unknown,3,filename_fallback,,,-0.771060220550444,-22.38613562607044,6.741290486715907,2.2401089938743737,13.12,0.6684532924961715,873,0,ok,
synthetic,en,2026-06-07_2334/moss_tts_cuda_p4.wav,,,,,2026-06-07_2334,moss_tts_cuda_p4.wav,moss_tts,unknown,4,filename_fallback,,,-4.750408071409444,-14.207040042199688,8.826670141232416,2.7937081728033837,10.08,0.4630738522954092,464,0,ok,
synthetic,en,_preserved_moss_tts_v1.0/linux-cloning/moss_tts_cuda_p1.wav,,,,,_preserved_moss_tts_v1.0,moss_tts_cuda_p1.wav,moss_tts,cloning,1,filename_fallback,,,-6.80631320837177,-19.315759088100453,9.736161703403308,2.8601158619130795,2.8,0.7846715328467153,215,0,ok,
synthetic,en,_preserved_moss_tts_v1.0/linux-cloning/moss_tts_cuda_p2.wav,,,,,_preserved_moss_tts_v1.0,moss_tts_cuda_p2.wav,moss_tts,cloning,2,filename_fallback,,,-2.4381670502569186,-55.01312922610951,9.588115770469706,3.0340634084741462,6.16,0.4877250409165303,298,0,ok,
synthetic,en,_preserved_moss_tts_v1.0/linux-cloning/moss_tts_cuda_p3.wav,,,,,_preserved_moss_tts_v1.0,moss_tts_cuda_p3.wav,moss_tts,cloning,3,filename_fallback,,,-4.413604609640206,-15.96832915734715,7.976598035270789,2.3605653536763045,15.52,0.6410090556274256,991,0,ok,
synthetic,en,_preserved_moss_tts_v1.0/linux-cloning/moss_tts_cuda_p4.wav,,,,,_preserved_moss_tts_v1.0,moss_tts_cuda_p4.wav,moss_tts,cloning,4,filename_fallback,,,-10.54935506215136,-19.571300349618575,13.255983900768904,4.279088872519034,8.32,0.5259975816203144,435,0,ok,
synthetic,en,_preserved_moss_tts_v1.0/linux-default/moss_tts_cuda_p1.wav,,,,,_preserved_moss_tts_v1.0,moss_tts_cuda_p1.wav,moss_tts,default,1,filename_fallback,,,-9.115319639004968,-19.47337614907541,10.035497576556997,3.1477508891981016,3.36,0.743202416918429,246,0,ok,
synthetic,en,_preserved_moss_tts_v1.0/linux-default/moss_tts_cuda_p2.wav,,,,,_preserved_moss_tts_v1.0,moss_tts_cuda_p2.wav,moss_tts,default,2,filename_fallback,,,-10.09554798681085,-25.954236518524787,13.836293116279055,4.2560440760539215,4.88,0.38095238095238093,184,0,ok,
synthetic,en,_preserved_moss_tts_v1.0/linux-default/moss_tts_cuda_p3.wav,,,,,_preserved_moss_tts_v1.0,moss_tts_cuda_p3.wav,moss_tts,default,3,filename_fallback,,,-4.251364956746031,-16.165091770631367,6.8307491934339595,2.315221746663558,16.64,0.6558167570825799,1088,0,ok,
synthetic,en,_preserved_moss_tts_v1.0/linux-default/moss_tts_cuda_p4.wav,,,,,_preserved_moss_tts_v1.0,moss_tts_cuda_p4.wav,moss_tts,default,4,filename_fallback,,,-6.374820569643703,-7.604026242850609,10.125342962823481,2.918690464441739,8.64,0.38766006984866125,333,0,ok,
synthetic,en,_preserved_moss_tts_v1.0/windows-cloning/moss_tts_cuda_p1.wav,,,,,_preserved_moss_tts_v1.0,moss_tts_cuda_p1.wav,moss_tts,cloning,1,filename_fallback,,,-5.496309148375514,-15.979620642163695,10.037514903772326,3.069116090479283,3.2,0.6910828025477707,217,0,ok,
synthetic,en,_preserved_moss_tts_v1.0/windows-cloning/moss_tts_cuda_p2.wav,,,,,_preserved_moss_tts_v1.0,moss_tts_cuda_p2.wav,moss_tts,cloning,2,filename_fallback,,,-2.9722924756121483,-17.93804602438765,9.218061780460346,2.7864102502552117,5.68,0.46003552397868563,259,0,ok,
synthetic,en,_preserved_moss_tts_v1.0/windows-cloning/moss_tts_cuda_p3.wav,,,,,_preserved_moss_tts_v1.0,moss_tts_cuda_p3.wav,moss_tts,cloning,3,filename_fallback,,,-4.477912498599724,-5.764024073913949,7.279344448036502,2.678121328057413,19.68,0.5303107488537953,1041,1,ok,
synthetic,en,_preserved_moss_tts_v1.0/windows-cloning/moss_tts_cuda_p4.wav,,,,,_preserved_moss_tts_v1.0,moss_tts_cuda_p4.wav,moss_tts,cloning,4,filename_fallback,,,-3.3537864748520283,16.756475373729,11.032994072016681,3.9292212522772543,7.04,0.4291845493562232,300,0,ok,
synthetic,en,_preserved_moss_tts_v1.0/windows-default/moss_tts_cuda_p1.wav,,,,,_preserved_moss_tts_v1.0,moss_tts_cuda_p1.wav,moss_tts,default,1,filename_fallback,,,-6.071599275536701,-33.55076461715359,8.400907478558358,2.355151856008857,2.8,0.8832116788321168,242,0,ok,
synthetic,en,_preserved_moss_tts_v1.0/windows-default/moss_tts_cuda_p2.wav,,,,,_preserved_moss_tts_v1.0,moss_tts_cuda_p2.wav,moss_tts,default,2,filename_fallback,,,-14.251318759544342,-5.654642797761109,14.85624847087866,4.146129324037656,7.28,0.44536652835408025,322,0,ok,
synthetic,en,_preserved_moss_tts_v1.0/windows-default/moss_tts_cuda_p3.wav,,,,,_preserved_moss_tts_v1.0,moss_tts_cuda_p3.wav,moss_tts,default,3,filename_fallback,,,-5.9647444009240145,-36.09460687200014,10.754567631932723,3.3874549894883996,15.52,0.6410090556274256,991,0,ok,
synthetic,en,_preserved_moss_tts_v1.0/windows-default/moss_tts_cuda_p4.wav,,,,,_preserved_moss_tts_v1.0,moss_tts_cuda_p4.wav,moss_tts,default,4,filename_fallback,,,-6.487077054115834,-9.976363621747558,8.379707164283928,2.7395333033828235,7.12,0.5502121640735502,389,0,ok,
synthetic,en,windows-cloning/moss_tts_cuda_p1.wav,,,,,windows-cloning,moss_tts_cuda_p1.wav,moss_tts,cloning,1,scores_csv,,0.0,-5.496309148375514,-15.979620642163695,10.037514903772326,3.069116090479283,3.2,0.6910828025477707,217,0,ok,
synthetic,en,windows-cloning/moss_tts_cuda_p2.wav,,,,,windows-cloning,moss_tts_cuda_p2.wav,moss_tts,cloning,2,scores_csv,,0.0,-2.9722924756121483,-17.93804602438765,9.218061780460346,2.7864102502552117,5.68,0.46003552397868563,259,0,ok,
synthetic,en,windows-cloning/moss_tts_cuda_p4.wav,,,,,windows-cloning,moss_tts_cuda_p4.wav,moss_tts,cloning,4,scores_csv,,0.0,-3.3537864748520283,16.756475373729,11.032994072016681,3.9292212522772543,7.04,0.4291845493562232,300,0,ok,
synthetic,en,windows-default/moss_tts_cuda_p1.wav,,,,,windows-default,moss_tts_cuda_p1.wav,moss_tts,default,1,scores_csv,,0.0,-6.071599275536701,-33.55076461715359,8.400907478558358,2.355151856008857,2.8,0.8832116788321168,242,0,ok,
synthetic,en,windows-default/moss_tts_cuda_p2.wav,,,,,windows-default,moss_tts_cuda_p2.wav,moss_tts,default,2,scores_csv,,0.0,-14.251318759544342,-5.654642797761109,14.85624847087866,4.146129324037656,7.28,0.44536652835408025,322,0,ok,
synthetic,en,windows-default/moss_tts_cuda_p3.wav,,,,,windows-default,moss_tts_cuda_p3.wav,moss_tts,default,3,scores_csv,,0.1515,-5.9647444009240145,-36.09460687200014,10.754567631932723,3.3874549894883996,15.52,0.6410090556274256,991,0,ok,
synthetic,en,windows-default/moss_tts_cuda_p4.wav,,,,,windows-default,moss_tts_cuda_p4.wav,moss_tts,default,4,scores_csv,,0.1111,-6.487077054115834,-9.976363621747558,8.379707164283928,2.7395333033828235,7.12,0.5502121640735502,389,0,ok,
synthetic,en,2026-05-25_0037/moss_tts_nano_cpu_p1.wav,,,,,2026-05-25_0037,moss_tts_nano_cpu_p1.wav,moss_tts_nano,unknown,1,filename_fallback,,,-2.7457010759497695,-30.46026375998248,6.390740180839064,2.1985254114870387,3.36,0.6858006042296072,227,0,ok,
synthetic,en,2026-05-25_0037/moss_tts_nano_cpu_p2.wav,,,,,2026-05-25_0037,moss_tts_nano_cpu_p2.wav,moss_tts_nano,unknown,2,filename_fallback,,,-5.385007782701108,-26.36141795098805,7.84405363128754,2.9288954536612217,6.72,0.4107946026986507,274,0,ok,
synthetic,en,2026-05-25_0037/moss_tts_nano_cpu_p3.wav,,,,,2026-05-25_0037,moss_tts_nano_cpu_p3.wav,moss_tts_nano,unknown,3,filename_fallback,,,-0.7174449249186235,14.021769675147299,7.139129837875586,2.5329504338074895,14.96,0.6583892617449665,981,0,ok,
synthetic,en,2026-05-25_0037/moss_tts_nano_cpu_p4.wav,,,,,2026-05-25_0037,moss_tts_nano_cpu_p4.wav,moss_tts_nano,unknown,4,filename_fallback,,,1.0731280322338685,-9.097926766253961,5.591641754164508,2.025430916947392,6.32,0.5231259968102073,328,0,ok,
synthetic,en,2026-05-25_0037/moss_tts_nano_cuda_p1.wav,,,,,2026-05-25_0037,moss_tts_nano_cuda_p1.wav,moss_tts_nano,unknown,1,filename_fallback,,,-5.307316472100025,0.34905267456397243,11.369458163676445,3.057818517109327,3.92,0.6666666666666666,258,0,ok,
synthetic,en,2026-05-25_0037/moss_tts_nano_cuda_p2.wav,,,,,2026-05-25_0037,moss_tts_nano_cuda_p2.wav,moss_tts_nano,unknown,2,filename_fallback,,,-0.7864035839299929,-4.868222878985935,7.887442811248244,2.5612632839772216,8.0,0.4490566037735849,357,0,ok,
synthetic,en,2026-05-25_0037/moss_tts_nano_cuda_p3.wav,,,,,2026-05-25_0037,moss_tts_nano_cuda_p3.wav,moss_tts_nano,unknown,3,filename_fallback,,,-4.718618709298207,-6.534970167186432,8.32254775441314,2.4836327894722268,15.36,0.6248366013071895,956,0,ok,
synthetic,en,2026-05-25_0037/moss_tts_nano_cuda_p4.wav,,,,,2026-05-25_0037,moss_tts_nano_cuda_p4.wav,moss_tts_nano,unknown,4,filename_fallback,,,-4.699007586471257,6.318812748477033,7.113040383750345,2.1874587467775544,6.72,0.4917541229385307,328,0,ok,
synthetic,en,2026-05-25_0102/moss_tts_nano_cpu_p1.wav,,,,,2026-05-25_0102,moss_tts_nano_cpu_p1.wav,moss_tts_nano,unknown,1,filename_fallback,,,0.4095134692451759,-27.177754219731735,5.530857418766197,1.8905852218024919,3.76,0.5918918918918918,219,0,ok,
synthetic,en,2026-05-25_0102/moss_tts_nano_cpu_p2.wav,,,,,2026-05-25_0102,moss_tts_nano_cpu_p2.wav,moss_tts_nano,unknown,2,filename_fallback,,,-0.06727470579423571,-21.465628591533342,8.96213939458131,2.5967453020206652,5.76,0.38704028021015763,221,0,ok,
synthetic,en,2026-05-25_0102/moss_tts_nano_cpu_p3.wav,,,,,2026-05-25_0102,moss_tts_nano_cpu_p3.wav,moss_tts_nano,unknown,3,filename_fallback,,,-3.8602545507728268,-5.6755893919531655,6.708463249766662,1.9005674628976283,13.52,0.6344725111441307,854,0,ok,
synthetic,en,2026-05-25_0102/moss_tts_nano_cpu_p4.wav,,,,,2026-05-25_0102,moss_tts_nano_cpu_p4.wav,moss_tts_nano,unknown,4,filename_fallback,,,0.3361853852877543,-1.5476522347728583,4.611114179757979,1.4672630874032981,5.68,0.5683836589698046,320,0,ok,
synthetic,en,2026-05-25_0102/moss_tts_nano_cuda_p1.wav,,,,,2026-05-25_0102,moss_tts_nano_cuda_p1.wav,moss_tts_nano,unknown,1,filename_fallback,,,-3.5069918225966905,-11.256168969488275,8.167757198604527,2.647849052061121,3.6,0.6704225352112676,238,0,ok,
synthetic,en,2026-05-25_0102/moss_tts_nano_cuda_p2.wav,,,,,2026-05-25_0102,moss_tts_nano_cuda_p2.wav,moss_tts_nano,unknown,2,filename_fallback,,,-4.753662882897715,5.039406810925549,8.74569459355423,2.965599650407107,6.16,0.5548281505728314,339,0,ok,
synthetic,en,2026-05-25_0102/moss_tts_nano_cuda_p3.wav,,,,,2026-05-25_0102,moss_tts_nano_cuda_p3.wav,moss_tts_nano,unknown,3,filename_fallback,,,-4.718062142887561,-30.503610727527533,7.435143230101341,2.873235124704019,17.6,0.5815279361459521,1020,0,ok,
synthetic,en,2026-05-25_0102/moss_tts_nano_cuda_p4.wav,,,,,2026-05-25_0102,moss_tts_nano_cuda_p4.wav,moss_tts_nano,unknown,4,filename_fallback,,,-7.801427393536869,-14.11369942255185,9.779011040660283,3.133366957682109,8.08,0.33665835411471323,270,0,ok,
synthetic,en,windows-cloning/moss_tts_nano_cpu_p1.wav,,,,,windows-cloning,moss_tts_nano_cpu_p1.wav,moss_tts_nano,cloning,1,scores_csv,,0.0,0.4095134692451759,-27.177754219731735,5.530857418766197,1.8905852218024919,3.76,0.5918918918918918,219,0,ok,
synthetic,en,windows-cloning/moss_tts_nano_cpu_p2.wav,,,,,windows-cloning,moss_tts_nano_cpu_p2.wav,moss_tts_nano,cloning,2,scores_csv,,0.0,-0.06727470579423571,-21.465628591533342,8.96213939458131,2.5967453020206652,5.76,0.38704028021015763,221,0,ok,
synthetic,en,windows-cloning/moss_tts_nano_cpu_p3.wav,,,,,windows-cloning,moss_tts_nano_cpu_p3.wav,moss_tts_nano,cloning,3,scores_csv,,0.2121,-3.8602545507728268,-5.6755893919531655,6.708463249766662,1.9005674628976283,13.52,0.6344725111441307,854,0,ok,
synthetic,en,windows-cloning/moss_tts_nano_cpu_p4.wav,,,,,windows-cloning,moss_tts_nano_cpu_p4.wav,moss_tts_nano,cloning,4,scores_csv,,0.1111,0.3361853852877543,-1.5476522347728583,4.611114179757979,1.4672630874032981,5.68,0.5683836589698046,320,0,ok,
synthetic,en,windows-cloning/moss_tts_nano_cuda_p1.wav,,,,,windows-cloning,moss_tts_nano_cuda_p1.wav,moss_tts_nano,cloning,1,scores_csv,,0.0,-3.5069918225966905,-11.256168969488275,8.167757198604527,2.647849052061121,3.6,0.6704225352112676,238,0,ok,
synthetic,en,windows-cloning/moss_tts_nano_cuda_p2.wav,,,,,windows-cloning,moss_tts_nano_cuda_p2.wav,moss_tts_nano,cloning,2,scores_csv,,0.0,-4.753662882897715,5.039406810925549,8.74569459355423,2.965599650407107,6.16,0.5548281505728314,339,0,ok,
synthetic,en,windows-cloning/moss_tts_nano_cuda_p3.wav,,,,,windows-cloning,moss_tts_nano_cuda_p3.wav,moss_tts_nano,cloning,3,scores_csv,,0.2121,-4.718062142887561,-30.503610727527533,7.435143230101341,2.873235124704019,17.6,0.5815279361459521,1020,0,ok,
synthetic,en,windows-cloning/moss_tts_nano_cuda_p4.wav,,,,,windows-cloning,moss_tts_nano_cuda_p4.wav,moss_tts_nano,cloning,4,scores_csv,,0.3889,-7.801427393536869,-14.11369942255185,9.779011040660283,3.133366957682109,8.08,0.33665835411471323,270,0,ok,
synthetic,en,windows-default/moss_tts_nano_cpu_p1.wav,,,,,windows-default,moss_tts_nano_cpu_p1.wav,moss_tts_nano,default,1,scores_csv,,0.0,-2.7457010759497695,-30.46026375998248,6.390740180839064,2.1985254114870387,3.36,0.6858006042296072,227,0,ok,
synthetic,en,windows-default/moss_tts_nano_cpu_p2.wav,,,,,windows-default,moss_tts_nano_cpu_p2.wav,moss_tts_nano,default,2,scores_csv,,0.1579,-5.385007782701108,-26.36141795098805,7.84405363128754,2.9288954536612217,6.72,0.4107946026986507,274,0,ok,
synthetic,en,windows-default/moss_tts_nano_cpu_p3.wav,,,,,windows-default,moss_tts_nano_cpu_p3.wav,moss_tts_nano,default,3,scores_csv,,0.1515,-0.7174449249186235,14.021769675147299,7.139129837875586,2.5329504338074895,14.96,0.6583892617449665,981,0,ok,
synthetic,en,windows-default/moss_tts_nano_cpu_p4.wav,,,,,windows-default,moss_tts_nano_cpu_p4.wav,moss_tts_nano,default,4,scores_csv,,0.1667,1.0731280322338685,-9.097926766253961,5.591641754164508,2.025430916947392,6.32,0.5231259968102073,328,0,ok,
synthetic,en,windows-default/moss_tts_nano_cuda_p1.wav,,,,,windows-default,moss_tts_nano_cuda_p1.wav,moss_tts_nano,default,1,scores_csv,,0.0,-5.307316472100025,0.34905267456397243,11.369458163676445,3.057818517109327,3.92,0.6666666666666666,258,0,ok,
synthetic,en,windows-default/moss_tts_nano_cuda_p2.wav,,,,,windows-default,moss_tts_nano_cuda_p2.wav,moss_tts_nano,default,2,scores_csv,,0.0,-0.7864035839299929,-4.868222878985935,7.887442811248244,2.5612632839772216,8.0,0.4490566037735849,357,0,ok,
synthetic,en,windows-default/moss_tts_nano_cuda_p3.wav,,,,,windows-default,moss_tts_nano_cuda_p3.wav,moss_tts_nano,default,3,scores_csv,,0.1515,-4.718618709298207,-6.534970167186432,8.32254775441314,2.4836327894722268,15.36,0.6248366013071895,956,0,ok,
synthetic,en,windows-default/moss_tts_nano_cuda_p4.wav,,,,,windows-default,moss_tts_nano_cuda_p4.wav,moss_tts_nano,default,4,scores_csv,,0.3333,-4.699007586471257,6.318812748477033,7.113040383750345,2.1874587467775544,6.72,0.4917541229385307,328,0,ok,
synthetic,en,_moss_v15_vs_v10_AB/cloning_p1_v1.0.wav,,,,,_moss_v15_vs_v10_AB,cloning_p1_v1.0.wav,moss_tts_v1.0,cloning,1,filename_fallback,,,-5.496309148375514,-15.979620642163695,10.037514903772326,3.069116090479283,3.2,0.6910828025477707,217,0,ok,
synthetic,en,_moss_v15_vs_v10_AB/cloning_p2_v1.0.wav,,,,,_moss_v15_vs_v10_AB,cloning_p2_v1.0.wav,moss_tts_v1.0,cloning,2,filename_fallback,,,-2.9722924756121483,-17.93804602438765,9.218061780460346,2.7864102502552117,5.68,0.46003552397868563,259,0,ok,
synthetic,en,_moss_v15_vs_v10_AB/cloning_p3_v1.0.wav,,,,,_moss_v15_vs_v10_AB,cloning_p3_v1.0.wav,moss_tts_v1.0,cloning,3,filename_fallback,,,-4.477912498599724,-5.764024073913949,7.279344448036502,2.678121328057413,19.68,0.5303107488537953,1041,1,ok,
synthetic,en,_moss_v15_vs_v10_AB/cloning_p4_v1.0.wav,,,,,_moss_v15_vs_v10_AB,cloning_p4_v1.0.wav,moss_tts_v1.0,cloning,4,filename_fallback,,,-3.3537864748520283,16.756475373729,11.032994072016681,3.9292212522772543,7.04,0.4291845493562232,300,0,ok,
synthetic,en,_moss_v15_vs_v10_AB/default_p1_v1.0.wav,,,,,_moss_v15_vs_v10_AB,default_p1_v1.0.wav,moss_tts_v1.0,default,1,filename_fallback,,,-6.071599275536701,-33.55076461715359,8.400907478558358,2.355151856008857,2.8,0.8832116788321168,242,0,ok,
synthetic,en,_moss_v15_vs_v10_AB/default_p2_v1.0.wav,,,,,_moss_v15_vs_v10_AB,default_p2_v1.0.wav,moss_tts_v1.0,default,2,filename_fallback,,,-14.251318759544342,-5.654642797761109,14.85624847087866,4.146129324037656,7.28,0.44536652835408025,322,0,ok,
synthetic,en,_moss_v15_vs_v10_AB/default_p3_v1.0.wav,,,,,_moss_v15_vs_v10_AB,default_p3_v1.0.wav,moss_tts_v1.0,default,3,filename_fallback,,,-5.9647444009240145,-36.09460687200014,10.754567631932723,3.3874549894883996,15.52,0.6410090556274256,991,0,ok,
synthetic,en,_moss_v15_vs_v10_AB/default_p4_v1.0.wav,,,,,_moss_v15_vs_v10_AB,default_p4_v1.0.wav,moss_tts_v1.0,default,4,filename_fallback,,,-6.487077054115834,-9.976363621747558,8.379707164283928,2.7395333033828235,7.12,0.5502121640735502,389,0,ok,
synthetic,en,_moss_v15_vs_v10_AB/cloning_p1_v1.5.wav,,,,,_moss_v15_vs_v10_AB,cloning_p1_v1.5.wav,moss_tts_v1.5,cloning,1,filename_fallback,,,-2.1974368733331473,-12.273453686188837,3.1060923810003525,1.0816583030568039,1.92,0.7849462365591398,146,0,ok,
synthetic,en,_moss_v15_vs_v10_AB/cloning_p2_v1.5.wav,,,,,_moss_v15_vs_v10_AB,cloning_p2_v1.5.wav,moss_tts_v1.5,cloning,2,filename_fallback,,,-9.564924443458008,-34.360904093136114,12.822275930999698,3.8349437185330806,7.68,0.41022280471821754,313,0,ok,
synthetic,en,_moss_v15_vs_v10_AB/cloning_p3_v1.5.wav,,,,,_moss_v15_vs_v10_AB,cloning_p3_v1.5.wav,moss_tts_v1.5,cloning,3,filename_fallback,,,-0.771060220550444,-22.38613562607044,6.741290486715907,2.2401089938743737,13.12,0.6684532924961715,873,0,ok,
synthetic,en,_moss_v15_vs_v10_AB/cloning_p4_v1.5.wav,,,,,_moss_v15_vs_v10_AB,cloning_p4_v1.5.wav,moss_tts_v1.5,cloning,4,filename_fallback,,,-4.750408071409444,-14.207040042199688,8.826670141232416,2.7937081728033837,10.08,0.4630738522954092,464,0,ok,
synthetic,en,_moss_v15_vs_v10_AB/default_p1_v1.5.wav,,,,,_moss_v15_vs_v10_AB,default_p1_v1.5.wav,moss_tts_v1.5,default,1,filename_fallback,,,-3.057313426126968,-12.97596059627649,7.482937696452863,2.0124795307281187,3.04,0.46153846153846156,138,0,ok,
synthetic,en,_moss_v15_vs_v10_AB/default_p2_v1.5.wav,,,,,_moss_v15_vs_v10_AB,default_p2_v1.5.wav,moss_tts_v1.5,default,2,filename_fallback,,,-8.734960333895891,-26.274096230096028,12.574933597365192,3.642648993597553,4.8,0.48,228,0,ok,
synthetic,en,_moss_v15_vs_v10_AB/default_p3_v1.5.wav,,,,,_moss_v15_vs_v10_AB,default_p3_v1.5.wav,moss_tts_v1.5,default,3,filename_fallback,,,-4.824144029047305,-23.44827972506174,9.063146994253493,2.868146747032005,14.72,0.6759890859481582,991,0,ok,
synthetic,en,_moss_v15_vs_v10_AB/default_p4_v1.5.wav,,,,,_moss_v15_vs_v10_AB,default_p4_v1.5.wav,moss_tts_v1.5,default,4,filename_fallback,,,-5.8229445102029445,-29.7607433272133,8.888744402236226,3.1794999810317957,7.2,0.6097902097902098,436,1,ok,
synthetic,en,windows-cloning/moss_tts_v15_cuda_p1.wav,,,,,windows-cloning,moss_tts_v15_cuda_p1.wav,moss_tts_v15,cloning,1,scores_csv,,0.0,-2.1974368733331473,-12.273453686188837,3.1060923810003525,1.0816583030568039,1.92,0.7849462365591398,146,0,ok,
synthetic,en,windows-cloning/moss_tts_v15_cuda_p2.wav,,,,,windows-cloning,moss_tts_v15_cuda_p2.wav,moss_tts_v15,cloning,2,scores_csv,,0.0,-9.564924443458008,-34.360904093136114,12.822275930999698,3.8349437185330806,7.68,0.41022280471821754,313,0,ok,
synthetic,en,windows-cloning/moss_tts_v15_cuda_p3.wav,,,,,windows-cloning,moss_tts_v15_cuda_p3.wav,moss_tts_v15,cloning,3,scores_csv,,0.2424,-0.771060220550444,-22.38613562607044,6.741290486715907,2.2401089938743737,13.12,0.6684532924961715,873,0,ok,
synthetic,en,windows-cloning/moss_tts_v15_cuda_p4.wav,,,,,windows-cloning,moss_tts_v15_cuda_p4.wav,moss_tts_v15,cloning,4,scores_csv,,0.0556,-4.750408071409444,-14.207040042199688,8.826670141232416,2.7937081728033837,10.08,0.4630738522954092,464,0,ok,
synthetic,en,windows-default/moss_tts_v15_cuda_p1.wav,,,,,windows-default,moss_tts_v15_cuda_p1.wav,moss_tts_v15,default,1,scores_csv,,0.0,-3.057313426126968,-12.97596059627649,7.482937696452863,2.0124795307281187,3.04,0.46153846153846156,138,0,ok,
synthetic,en,windows-default/moss_tts_v15_cuda_p2.wav,,,,,windows-default,moss_tts_v15_cuda_p2.wav,moss_tts_v15,default,2,scores_csv,,0.0,-8.734960333895891,-26.274096230096028,12.574933597365192,3.642648993597553,4.8,0.48,228,0,ok,
synthetic,en,windows-default/moss_tts_v15_cuda_p3.wav,,,,,windows-default,moss_tts_v15_cuda_p3.wav,moss_tts_v15,default,3,scores_csv,,0.1515,-4.824144029047305,-23.44827972506174,9.063146994253493,2.868146747032005,14.72,0.6759890859481582,991,0,ok,
synthetic,en,windows-default/moss_tts_v15_cuda_p4.wav,,,,,windows-default,moss_tts_v15_cuda_p4.wav,moss_tts_v15,default,4,scores_csv,,0.0556,-5.8229445102029445,-29.7607433272133,8.888744402236226,3.1794999810317957,7.2,0.6097902097902098,436,1,ok,
synthetic,en,2026-06-01_1003/neutts_air_cpu_p1.wav,,,,,2026-06-01_1003,neutts_air_cpu_p1.wav,neutts_air,unknown,1,filename_fallback,,,,,,,0.4,0.5294117647058824,18,0,too_few_voiced,
synthetic,en,2026-06-01_1003/neutts_air_cpu_p2.wav,,,,,2026-06-01_1003,neutts_air_cpu_p2.wav,neutts_air,unknown,2,filename_fallback,,,3.644771463198199,-22.008315870663964,14.755950775771382,4.308070627424842,8.9,0.3129943502824859,277,0,ok,
synthetic,en,2026-06-01_1003/neutts_air_cpu_p3.wav,,,,,2026-06-01_1003,neutts_air_cpu_p3.wav,neutts_air,unknown,3,filename_fallback,,,-0.7319460233353425,-13.201717180251471,4.8950249304330855,1.5757491997245558,15.76,0.4894971355824316,769,0,ok,
synthetic,en,2026-06-01_1003/neutts_air_cpu_p4.wav,,,,,2026-06-01_1003,neutts_air_cpu_p4.wav,neutts_air,unknown,4,filename_fallback,,,-0.20229650695860757,-5.046233379296719,20.469553304459897,4.563444941315394,11.88,0.3553299492385787,420,0,ok,
synthetic,en,2026-06-01_1003/neutts_air_cuda_p1.wav,,,,,2026-06-01_1003,neutts_air_cuda_p1.wav,neutts_air,unknown,1,filename_fallback,,,-3.3946190156839857,-5.639781550074914,2.87720725326143,1.0666330393439163,1.36,0.34615384615384615,45,0,ok,
synthetic,en,2026-06-01_1003/neutts_air_cuda_p2.wav,,,,,2026-06-01_1003,neutts_air_cuda_p2.wav,neutts_air,unknown,2,filename_fallback,,,,,,,0.62,0.45614035087719296,26,0,too_few_voiced,
synthetic,en,2026-06-01_1003/neutts_air_cuda_p3.wav,,,,,2026-06-01_1003,neutts_air_cuda_p3.wav,neutts_air,unknown,3,filename_fallback,,,-0.7688854588822424,-14.65122500729511,3.5764301919219372,1.1505990605297094,16.0,0.503448275862069,803,0,ok,
synthetic,en,2026-06-01_1003/neutts_air_cuda_p4.wav,,,,,2026-06-01_1003,neutts_air_cuda_p4.wav,neutts_air,unknown,4,filename_fallback,,,6.538736179401363,-84.21546884397738,28.685488210679477,8.035617665997952,12.52,0.214915797914996,268,0,ok,
synthetic,en,windows-cloning/neutts_air_cpu_p2.wav,,,,,windows-cloning,neutts_air_cpu_p2.wav,neutts_air,cloning,2,scores_csv,,0.3684,3.644771463198199,-22.008315870663964,14.755950775771382,4.308070627424842,8.9,0.3129943502824859,277,0,ok,
synthetic,en,windows-cloning/neutts_air_cpu_p3.wav,,,,,windows-cloning,neutts_air_cpu_p3.wav,neutts_air,cloning,3,scores_csv,,0.303,-0.7319460233353425,-13.201717180251471,4.8950249304330855,1.5757491997245558,15.76,0.4894971355824316,769,0,ok,
synthetic,en,windows-cloning/neutts_air_cpu_p4.wav,,,,,windows-cloning,neutts_air_cpu_p4.wav,neutts_air,cloning,4,scores_csv,,0.2778,-0.20229650695860757,-5.046233379296719,20.469553304459897,4.563444941315394,11.88,0.3553299492385787,420,0,ok,
synthetic,en,windows-cloning/neutts_air_cuda_p3.wav,,,,,windows-cloning,neutts_air_cuda_p3.wav,neutts_air,cloning,3,scores_csv,,0.3636,-0.7688854588822424,-14.65122500729511,3.5764301919219372,1.1505990605297094,16.0,0.503448275862069,803,0,ok,
synthetic,en,windows-cloning/neutts_air_cuda_p4.wav,,,,,windows-cloning,neutts_air_cuda_p4.wav,neutts_air,cloning,4,scores_csv,,0.0556,6.538736179401363,-84.21546884397738,28.685488210679477,8.035617665997952,12.52,0.214915797914996,268,0,ok,
synthetic,en,windows-default/neutts_air_cpu_p1.wav,,,,,windows-default,neutts_air_cpu_p1.wav,neutts_air,default,1,scores_csv,,0.0,-12.968385384905558,-16.261876679384155,15.126455373923116,4.390361645072972,3.0,0.5506756756756757,163,0,ok,
synthetic,en,windows-default/neutts_air_cpu_p2.wav,,,,,windows-default,neutts_air_cpu_p2.wav,neutts_air,default,2,scores_csv,,0.0,-6.216323749429882,-22.25209924876668,13.677192808927098,4.289848871346118,6.54,0.4423963133640553,288,0,ok,
synthetic,en,windows-default/neutts_air_cpu_p3.wav,,,,,windows-default,neutts_air_cpu_p3.wav,neutts_air,default,3,scores_csv,,0.1212,-6.457578396533284,-24.259818406294862,11.874208977853627,3.4521831196921866,17.54,0.6188571428571429,1083,0,ok,
synthetic,en,windows-default/neutts_air_cpu_p4.wav,,,,,windows-default,neutts_air_cpu_p4.wav,neutts_air,default,4,scores_csv,,0.1667,-4.03669759044784,-41.3287606091204,12.045066524109217,3.4338108062519943,8.52,0.502944640753828,427,0,ok,
synthetic,en,windows-default/neutts_air_cuda_p1.wav,,,,,windows-default,neutts_air_cuda_p1.wav,neutts_air,default,1,scores_csv,,0.0,-12.36601653495336,-5.4210636769913165,13.481961440483143,4.296321087532077,2.1,0.883495145631068,182,0,ok,
synthetic,en,windows-default/neutts_air_cuda_p2.wav,,,,,windows-default,neutts_air_cuda_p2.wav,neutts_air,default,2,scores_csv,,0.0526,-4.828684440656788,-13.63232660072944,9.547153689941048,2.834000299742556,4.84,0.5613305613305614,270,0,ok,
synthetic,en,windows-default/neutts_air_cuda_p3.wav,,,,,windows-default,neutts_air_cuda_p3.wav,neutts_air,default,3,scores_csv,,0.303,-4.303689731636731,-9.962411344358182,10.01433160007394,3.137385083050397,17.6,0.6539556061468412,1149,0,ok,
synthetic,en,windows-default/neutts_air_cuda_p4.wav,,,,,windows-default,neutts_air_cuda_p4.wav,neutts_air,default,4,scores_csv,,0.1111,-3.672485877893109,-31.48014053415644,11.302126972835989,3.0468866202133342,8.78,0.4948571428571429,433,0,ok,
synthetic,en,2026-06-01_1003/neutts_nano_cpu_p1.wav,,,,,2026-06-01_1003,neutts_nano_cpu_p1.wav,neutts_nano,unknown,1,filename_fallback,,,-14.353623851672014,8.21339407482251,10.419513527574003,4.807597254967212,0.4,0.9411764705882353,32,0,ok,
synthetic,en,2026-06-01_1003/neutts_nano_cpu_p2.wav,,,,,2026-06-01_1003,neutts_nano_cpu_p2.wav,neutts_nano,unknown,2,filename_fallback,,,-6.120998901107419,-23.318322174584093,9.06142951260391,2.7799232140664145,2.26,0.5045454545454545,111,0,ok,
synthetic,en,2026-06-01_1003/neutts_nano_cpu_p3.wav,,,,,2026-06-01_1003,neutts_nano_cpu_p3.wav,neutts_nano,unknown,3,filename_fallback,,,1.9126032811940505,-8.853824511827913,5.340362232709456,1.6230050511582192,11.8,0.6805792163543442,799,0,ok,
synthetic,en,2026-06-01_1003/neutts_nano_cpu_p4.wav,,,,,2026-06-01_1003,neutts_nano_cpu_p4.wav,neutts_nano,unknown,4,filename_fallback,,,-2.6798962385418363,-15.604837704648162,4.800229010395277,1.484243775186043,5.16,0.48140900195694714,246,0,ok,
synthetic,en,2026-06-01_1003/neutts_nano_cuda_p1.wav,,,,,2026-06-01_1003,neutts_nano_cuda_p1.wav,neutts_nano,unknown,1,filename_fallback,,,-5.590997386116178,-22.9825583476528,13.357384081012139,3.9243875727778534,0.68,0.7741935483870968,48,0,ok,
synthetic,en,2026-06-01_1003/neutts_nano_cuda_p2.wav,,,,,2026-06-01_1003,neutts_nano_cuda_p2.wav,neutts_nano,unknown,2,filename_fallback,,,-2.681720838619649,-51.090184109032066,4.774120745307791,2.0920554761314545,1.9,0.46195652173913043,85,0,ok,
synthetic,en,2026-06-01_1003/neutts_nano_cuda_p3.wav,,,,,2026-06-01_1003,neutts_nano_cuda_p3.wav,neutts_nano,unknown,3,filename_fallback,,,0.9606446698601739,15.81916700096929,5.453661718316514,1.7594397708482663,10.78,0.691231343283582,741,0,ok,
synthetic,en,2026-06-01_1003/neutts_nano_cuda_p4.wav,,,,,2026-06-01_1003,neutts_nano_cuda_p4.wav,neutts_nano,unknown,4,filename_fallback,,,-2.9142820507717535,4.073421852989034,5.436496478751252,1.7746670516757506,3.06,0.521594684385382,157,0,ok,
synthetic,en,windows-cloning/neutts_nano_cpu_p3.wav,,,,,windows-cloning,neutts_nano_cpu_p3.wav,neutts_nano,cloning,3,scores_csv,,0.303,1.9126032811940505,-8.853824511827913,5.340362232709456,1.6230050511582192,11.8,0.6805792163543442,799,0,ok,
synthetic,en,windows-cloning/neutts_nano_cpu_p4.wav,,,,,windows-cloning,neutts_nano_cpu_p4.wav,neutts_nano,cloning,4,scores_csv,,0.1111,-2.6798962385418363,-15.604837704648162,4.800229010395277,1.484243775186043,5.16,0.48140900195694714,246,0,ok,
synthetic,en,windows-cloning/neutts_nano_cuda_p3.wav,,,,,windows-cloning,neutts_nano_cuda_p3.wav,neutts_nano,cloning,3,scores_csv,,0.3333,0.9606446698601739,15.81916700096929,5.453661718316514,1.7594397708482663,10.78,0.691231343283582,741,0,ok,
synthetic,en,windows-default/neutts_nano_cpu_p1.wav,,,,,windows-default,neutts_nano_cpu_p1.wav,neutts_nano,default,1,scores_csv,,0.0,-14.506544446576772,-13.27900425192352,14.068515833560921,4.5501108052013395,1.94,0.8848167539267016,169,0,ok,
synthetic,en,windows-default/neutts_nano_cpu_p2.wav,,,,,windows-default,neutts_nano_cpu_p2.wav,neutts_nano,default,2,scores_csv,,0.0526,-7.26739367425005,-32.14502959436417,18.137371119590533,4.387591582624564,4.96,0.5801217038539553,286,1,ok,
synthetic,en,windows-default/neutts_nano_cpu_p3.wav,,,,,windows-default,neutts_nano_cpu_p3.wav,neutts_nano,default,3,scores_csv,,0.1818,-3.83164052128073,-37.22019650453957,10.936823332671466,3.2212825138957504,13.78,0.7185454545454546,988,0,ok,
synthetic,en,windows-default/neutts_nano_cpu_p4.wav,,,,,windows-default,neutts_nano_cpu_p4.wav,neutts_nano,default,4,scores_csv,,0.1111,-6.818761385779183,-26.50065001978284,9.665142997093806,3.0675286240495128,5.44,0.5907407407407408,319,0,ok,
synthetic,en,windows-default/neutts_nano_cuda_p1.wav,,,,,windows-default,neutts_nano_cuda_p1.wav,neutts_nano,default,1,scores_csv,,0.0,-16.700007575835382,-16.399847015344584,16.074379440069702,5.11873540481926,1.62,0.9308176100628931,148,0,ok,
synthetic,en,windows-default/neutts_nano_cuda_p2.wav,,,,,windows-default,neutts_nano_cuda_p2.wav,neutts_nano,default,2,scores_csv,,0.0,-4.101196561953516,-29.00546063801443,9.717331947808683,3.16406262133872,4.44,0.6099773242630385,269,0,ok,
synthetic,en,windows-default/neutts_nano_cuda_p3.wav,,,,,windows-default,neutts_nano_cuda_p3.wav,neutts_nano,default,3,scores_csv,,0.2727,-1.4172036510206962,-32.51084989838336,12.34299394711655,3.711365937028997,13.82,0.7222625090645395,996,1,ok,
synthetic,en,windows-default/neutts_nano_cuda_p4.wav,,,,,windows-default,neutts_nano_cuda_p4.wav,neutts_nano,default,4,scores_csv,,0.0556,-6.292696716269324,-14.44438864059602,7.119650913013636,2.3142842012082445,5.42,0.633147113594041,340,0,ok,
synthetic,en,windows-cloning/omnivoice_cpu_p1.wav,,,,,windows-cloning,omnivoice_cpu_p1.wav,omnivoice,cloning,1,scores_csv,,0.0,-4.009601961758562,-17.68866370965924,5.567162349146919,2.0012692523470865,2.72,0.556390977443609,148,0,ok,
synthetic,en,windows-cloning/omnivoice_cpu_p2.wav,,,,,windows-cloning,omnivoice_cpu_p2.wav,omnivoice,cloning,2,scores_csv,,0.0,-3.828469127205537,-33.47764361656912,6.625218157107853,2.159024949099545,6.6,0.35725190839694654,234,0,ok,
synthetic,en,windows-cloning/omnivoice_cpu_p3.wav,,,,,windows-cloning,omnivoice_cpu_p3.wav,omnivoice,cloning,3,scores_csv,,0.1818,-2.766683828018012,-6.2127948898688,7.906107176073828,2.4507177795910122,19.08,0.5948502364687336,1132,0,ok,
synthetic,en,windows-cloning/omnivoice_cpu_p4.wav,,,,,windows-cloning,omnivoice_cpu_p4.wav,omnivoice,cloning,4,scores_csv,,0.2222,-4.68962013189373,-40.659888416696965,8.68730854127228,2.6517128850511646,7.24,0.48817802503477054,351,1,ok,
synthetic,en,windows-cloning/omnivoice_cuda_p1.wav,,,,,windows-cloning,omnivoice_cuda_p1.wav,omnivoice,cloning,1,scores_csv,,0.0,-6.719941685232859,-23.807329560793256,8.417512246194713,2.367291379128531,2.36,0.7434782608695653,171,0,ok,
synthetic,en,windows-cloning/omnivoice_cuda_p2.wav,,,,,windows-cloning,omnivoice_cuda_p2.wav,omnivoice,cloning,2,scores_csv,,0.0,-1.7433773003822444,-22.000902675332956,6.438518933394285,2.6826615215742167,6.6,0.4030534351145038,264,0,ok,
synthetic,en,windows-cloning/omnivoice_cuda_p3.wav,,,,,windows-cloning,omnivoice_cuda_p3.wav,omnivoice,cloning,3,scores_csv,,0.3939,-1.2377953746714665,-31.036012687139966,8.677514713532911,2.648676164592506,19.08,0.5701523909616395,1085,0,ok,
synthetic,en,windows-cloning/omnivoice_cuda_p4.wav,,,,,windows-cloning,omnivoice_cuda_p4.wav,omnivoice,cloning,4,scores_csv,,0.1667,-2.8658435102033755,-37.757893187783836,6.509655690579968,2.4045533555094214,7.24,0.48817802503477054,351,0,ok,
synthetic,en,windows-default/omnivoice_cpu_p1.wav,,,,,windows-default,omnivoice_cpu_p1.wav,omnivoice,default,1,scores_csv,,0.0,-7.6819848332045595,-25.631861648314583,14.607356457064364,4.77874133016572,2.28,0.509009009009009,113,0,ok,
synthetic,en,windows-default/omnivoice_cpu_p2.wav,,,,,windows-default,omnivoice_cpu_p2.wav,omnivoice,default,2,scores_csv,,0.0,7.6519612771525605,100.07195072172973,24.943287819697545,8.689557111419154,4.46,0.2606741573033708,116,0,ok,
synthetic,en,windows-default/omnivoice_cpu_p3.wav,,,,,windows-default,omnivoice_cpu_p3.wav,omnivoice,default,3,scores_csv,,0.0606,-3.3041361411560892,-24.92819785677379,11.140604697903864,3.6680458263476443,15.88,0.7814276689829438,1237,0,ok,
synthetic,en,windows-default/omnivoice_cpu_p4.wav,,,,,windows-default,omnivoice_cpu_p4.wav,omnivoice,default,4,scores_csv,,0.1667,-2.429532889459386,-60.57342399770951,13.848546645035189,3.895120687237354,5.97,0.5649241146711635,335,0,ok,
synthetic,en,windows-default/omnivoice_cuda_p1.wav,,,,,windows-default,omnivoice_cuda_p1.wav,omnivoice,default,1,scores_csv,,0.0,-8.520959082141637,33.607486169055385,12.588771789526268,3.413512827229902,2.28,0.7612612612612613,169,0,ok,
synthetic,en,windows-default/omnivoice_cuda_p2.wav,,,,,windows-default,omnivoice_cuda_p2.wav,omnivoice,default,2,scores_csv,,0.0,-6.371197293067059,-59.37935589830745,16.212325795906533,4.660987788840553,5.13,0.44291338582677164,225,0,ok,
synthetic,en,windows-default/omnivoice_cuda_p3.wav,,,,,windows-default,omnivoice_cuda_p3.wav,omnivoice,default,3,scores_csv,,0.0909,-3.6644485934148214,-26.255017577737657,11.665459629118272,3.569156871200687,15.88,0.7877447883765003,1247,0,ok,
synthetic,en,windows-default/omnivoice_cuda_p4.wav,,,,,windows-default,omnivoice_cuda_p4.wav,omnivoice,default,4,scores_csv,,0.1111,-3.241947248088655,-33.45188093722787,9.0796488046436,3.5993631320317974,6.04,0.5976627712854758,358,0,ok,
synthetic,en,2026-05-31_0031/openvoice_cpu_p1.wav,,,,,2026-05-31_0031,openvoice_cpu_p1.wav,openvoice,unknown,1,filename_fallback,,,-6.837304550189129,-5.367532886063328,9.851137124380896,2.955104246322297,2.182675736961451,0.7136150234741784,152,0,ok,
synthetic,en,2026-05-31_0031/openvoice_cpu_p2.wav,,,,,2026-05-31_0031,openvoice_cpu_p2.wav,openvoice,unknown,2,filename_fallback,,,-4.051397387802843,-2.4535429595331983,5.464638208309598,1.950555938355881,4.829750566893424,0.4612159329140461,220,0,ok,
synthetic,en,2026-05-31_0031/openvoice_cpu_p3.wav,,,,,2026-05-31_0031,openvoice_cpu_p3.wav,openvoice,unknown,3,filename_fallback,,,-4.596395403338252,-17.99367524618294,7.97490462555484,2.58386510765719,14.698231292517006,0.6243169398907104,914,0,ok,
synthetic,en,2026-05-31_0031/openvoice_cpu_p4.wav,,,,,2026-05-31_0031,openvoice_cpu_p4.wav,openvoice,unknown,4,filename_fallback,,,-5.897441806652856,0.29263234378554964,8.65981027986695,2.738448341202359,5.990748299319728,0.46464646464646464,276,0,ok,
synthetic,en,2026-05-31_0031/openvoice_cuda_p1.wav,,,,,2026-05-31_0031,openvoice_cuda_p1.wav,openvoice,unknown,1,filename_fallback,,,-6.773860590796583,-11.830306730473778,10.858724797246058,3.082277114549896,2.159455782312925,0.7666666666666667,161,0,ok,
synthetic,en,2026-05-31_0031/openvoice_cuda_p2.wav,,,,,2026-05-31_0031,openvoice_cuda_p2.wav,openvoice,unknown,2,filename_fallback,,,-2.8510120756394293,-0.7686188861532044,5.165325352998831,1.691221158601217,4.85297052154195,0.47291666666666665,227,0,ok,
synthetic,en,2026-05-31_0031/openvoice_cuda_p3.wav,,,,,2026-05-31_0031,openvoice_cuda_p3.wav,openvoice,unknown,3,filename_fallback,,,-4.814627835195123,-18.948232292138776,8.859549578055535,2.6024275072619125,14.524081632653061,0.6019350380096752,871,0,ok,
synthetic,en,2026-05-31_0031/openvoice_cuda_p4.wav,,,,,2026-05-31_0031,openvoice_cuda_p4.wav,openvoice,unknown,4,filename_fallback,,,-5.2954564269551145,-0.989183851009343,8.112668504321547,2.581467316558625,5.874648526077097,0.4415807560137457,257,0,ok,
synthetic,en,2026-05-31_0034/openvoice_cpu_p1.wav,,,,,2026-05-31_0034,openvoice_cpu_p1.wav,openvoice,unknown,1,filename_fallback,,,-8.814968581391003,-18.81373652786311,10.632480680925251,3.080409354603619,2.078185941043084,0.7970297029702971,161,0,ok,
synthetic,en,2026-05-31_0034/openvoice_cpu_p2.wav,,,,,2026-05-31_0034,openvoice_cpu_p2.wav,openvoice,unknown,2,filename_fallback,,,-3.72674148522617,-6.265508210597324,5.818424053933278,1.8460551849451075,4.9458503401360545,0.4621676891615542,226,0,ok,
synthetic,en,2026-05-31_0034/openvoice_cpu_p3.wav,,,,,2026-05-31_0034,openvoice_cpu_p3.wav,openvoice,unknown,3,filename_fallback,,,-4.909706259067493,-16.395773799979686,8.746579471994842,2.7195197599843826,14.466031746031746,0.6065232477446217,874,0,ok,
synthetic,en,2026-05-31_0034/openvoice_cpu_p4.wav,,,,,2026-05-31_0034,openvoice_cpu_p4.wav,openvoice,unknown,4,filename_fallback,,,-5.170401447952125,3.9438399659223276,7.467180749607369,2.267482998086591,5.863038548752835,0.4423407917383821,257,0,ok,
synthetic,en,2026-05-31_0034/openvoice_cuda_p1.wav,,,,,2026-05-31_0034,openvoice_cuda_p1.wav,openvoice,unknown,1,filename_fallback,,,-6.777521551268883,-10.350938822579316,8.588368995145554,2.6123651170415085,2.147845804988662,0.7894736842105263,165,0,ok,
synthetic,en,2026-05-31_0034/openvoice_cuda_p2.wav,,,,,2026-05-31_0034,openvoice_cuda_p2.wav,openvoice,unknown,2,filename_fallback,,,-3.8317608564930135,-3.034650039399488,5.809785715436559,1.9323065048144425,4.876190476190477,0.47925311203319504,231,0,ok,
synthetic,en,2026-05-31_0034/openvoice_cuda_p3.wav,,,,,2026-05-31_0034,openvoice_cuda_p3.wav,openvoice,unknown,3,filename_fallback,,,-4.159677248622396,-11.112210708772563,8.284179679261861,2.575008584987485,14.500861678004535,0.6096885813148789,881,0,ok,
synthetic,en,2026-05-31_0034/openvoice_cuda_p4.wav,,,,,2026-05-31_0034,openvoice_cuda_p4.wav,openvoice,unknown,4,filename_fallback,,,-5.24560189557354,5.249928176618299,7.420504168086204,2.2132627260424895,5.804988662131519,0.4539130434782609,261,0,ok,
synthetic,en,2026-06-02_1224/openvoice_cpu_p1.wav,,,,,2026-06-02_1224,openvoice_cpu_p1.wav,openvoice,unknown,1,filename_fallback,,,-6.241853403997123,-21.26121122051011,9.164773670960715,2.6288309032191823,2.1942857142857144,0.7710280373831776,165,0,ok,
synthetic,en,2026-06-02_1224/openvoice_cpu_p2.wav,,,,,2026-06-02_1224,openvoice_cpu_p2.wav,openvoice,unknown,2,filename_fallback,,,-3.2769622547669957,1.3598732123798323,5.4641080340043615,1.7892986732273672,4.887800453514739,0.4616977225672878,223,0,ok,
synthetic,en,2026-06-02_1224/openvoice_cpu_p3.wav,,,,,2026-06-02_1224,openvoice_cpu_p3.wav,openvoice,unknown,3,filename_fallback,,,-5.1935478888848134,-10.529256014040461,9.399869448490666,2.7346604092041904,14.582131519274377,0.5960082587749483,866,0,ok,
synthetic,en,2026-06-02_1224/openvoice_cpu_p4.wav,,,,,2026-06-02_1224,openvoice_cpu_p4.wav,openvoice,unknown,4,filename_fallback,,,-4.481170095749369,-0.6025019564762909,7.545844234416872,2.4638189029388036,5.77015873015873,0.4090909090909091,234,0,ok,
synthetic,en,2026-06-02_1224/openvoice_cuda_p1.wav,,,,,2026-06-02_1224,openvoice_cuda_p1.wav,openvoice,unknown,1,filename_fallback,,,-8.23731552474287,-0.3741201251829802,9.586357316490645,2.9453985718067845,2.2058956916099772,0.7395348837209302,159,0,ok,
synthetic,en,2026-06-02_1224/openvoice_cuda_p2.wav,,,,,2026-06-02_1224,openvoice_cuda_p2.wav,openvoice,unknown,2,filename_fallback,,,-3.4099966784986018,-12.71985836665455,5.342095628997949,1.789225558909588,4.818140589569161,0.4789915966386555,228,0,ok,
synthetic,en,2026-06-02_1224/openvoice_cuda_p3.wav,,,,,2026-06-02_1224,openvoice_cuda_p3.wav,openvoice,unknown,3,filename_fallback,,,-5.353181071241161,-11.010278571923765,8.45201674933558,2.743316292360874,14.454421768707483,0.6013888888888889,866,0,ok,
synthetic,en,2026-06-02_1224/openvoice_cuda_p4.wav,,,,,2026-06-02_1224,openvoice_cuda_p4.wav,openvoice,unknown,4,filename_fallback,,,-5.085460070287162,0.014792261286753101,7.956102380804461,2.4213177805755377,5.909478458049887,0.4478632478632479,262,0,ok,
synthetic,en,2026-06-02_1227/openvoice_cpu_p1.wav,,,,,2026-06-02_1227,openvoice_cpu_p1.wav,openvoice,unknown,1,filename_fallback,,,-9.333412638742637,5.9659573695398604,10.827772619914494,3.29970018295931,2.10140589569161,0.7560975609756098,155,0,ok,
synthetic,en,2026-06-02_1227/openvoice_cpu_p2.wav,,,,,2026-06-02_1227,openvoice_cpu_p2.wav,openvoice,unknown,2,filename_fallback,,,-4.731228741042299,2.2566290611475495,5.671213421868319,1.8355788878495238,4.876190476190477,0.4896265560165975,236,0,ok,
synthetic,en,2026-06-02_1227/openvoice_cpu_p3.wav,,,,,2026-06-02_1227,openvoice_cpu_p3.wav,openvoice,unknown,3,filename_fallback,,,-4.67410467109705,-11.622087945825765,7.979350912566866,2.5283592700650956,14.524081632653061,0.6109191430545957,884,0,ok,
synthetic,en,2026-06-02_1227/openvoice_cpu_p4.wav,,,,,2026-06-02_1227,openvoice_cpu_p4.wav,openvoice,unknown,4,filename_fallback,,,-5.482995564120555,2.668528175963814,7.0830289767312,2.280559319095132,5.851428571428571,0.4689655172413793,272,0,ok,
synthetic,en,2026-06-02_1227/openvoice_cuda_p1.wav,,,,,2026-06-02_1227,openvoice_cuda_p1.wav,openvoice,unknown,1,filename_fallback,,,-7.679328311253075,-16.288071530530235,8.629425860224565,2.818926535072337,2.10140589569161,0.7219512195121951,148,0,ok,
synthetic,en,2026-06-02_1227/openvoice_cuda_p2.wav,,,,,2026-06-02_1227,openvoice_cuda_p2.wav,openvoice,unknown,2,filename_fallback,,,-4.249226911525691,-10.412215191835816,5.430799115566218,1.8489271656918107,4.85297052154195,0.4479166666666667,215,0,ok,
synthetic,en,2026-06-02_1227/openvoice_cuda_p3.wav,,,,,2026-06-02_1227,openvoice_cuda_p3.wav,openvoice,unknown,3,filename_fallback,,,-6.072205232533584,-10.199803543618515,9.212748683852631,2.937517597220732,14.547301587301588,0.6045548654244306,876,0,ok,
synthetic,en,2026-06-02_1227/openvoice_cuda_p4.wav,,,,,2026-06-02_1227,openvoice_cuda_p4.wav,openvoice,unknown,4,filename_fallback,,,-5.043777765009865,5.734474305987514,7.584058317769712,2.266123373414562,5.851428571428571,0.43103448275862066,250,0,ok,
synthetic,en,windows-cloning/openvoice_cpu_p1.wav,,,,,windows-cloning,openvoice_cpu_p1.wav,openvoice,cloning,1,scores_csv,,0.0,-9.333412638742637,5.9659573695398604,10.827772619914494,3.29970018295931,2.10140589569161,0.7560975609756098,155,0,ok,
synthetic,en,windows-cloning/openvoice_cpu_p2.wav,,,,,windows-cloning,openvoice_cpu_p2.wav,openvoice,cloning,2,scores_csv,,0.0526,-4.731228741042299,2.2566290611475495,5.671213421868319,1.8355788878495238,4.876190476190477,0.4896265560165975,236,0,ok,
synthetic,en,windows-cloning/openvoice_cpu_p3.wav,,,,,windows-cloning,openvoice_cpu_p3.wav,openvoice,cloning,3,scores_csv,,0.2727,-4.67410467109705,-11.622087945825765,7.979350912566866,2.5283592700650956,14.524081632653061,0.6109191430545957,884,0,ok,
synthetic,en,windows-cloning/openvoice_cpu_p4.wav,,,,,windows-cloning,openvoice_cpu_p4.wav,openvoice,cloning,4,scores_csv,,0.1111,-5.482995564120555,2.668528175963814,7.0830289767312,2.280559319095132,5.851428571428571,0.4689655172413793,272,0,ok,
synthetic,en,windows-cloning/openvoice_cuda_p1.wav,,,,,windows-cloning,openvoice_cuda_p1.wav,openvoice,cloning,1,scores_csv,,0.0,-7.679328311253075,-16.288071530530235,8.629425860224565,2.818926535072337,2.10140589569161,0.7219512195121951,148,0,ok,
synthetic,en,windows-cloning/openvoice_cuda_p2.wav,,,,,windows-cloning,openvoice_cuda_p2.wav,openvoice,cloning,2,scores_csv,,0.0526,-4.249226911525691,-10.412215191835816,5.430799115566218,1.8489271656918107,4.85297052154195,0.4479166666666667,215,0,ok,
synthetic,en,windows-cloning/openvoice_cuda_p3.wav,,,,,windows-cloning,openvoice_cuda_p3.wav,openvoice,cloning,3,scores_csv,,0.2121,-6.072205232533584,-10.199803543618515,9.212748683852631,2.937517597220732,14.547301587301588,0.6045548654244306,876,0,ok,
synthetic,en,windows-cloning/openvoice_cuda_p4.wav,,,,,windows-cloning,openvoice_cuda_p4.wav,openvoice,cloning,4,scores_csv,,0.1111,-5.043777765009865,5.734474305987514,7.584058317769712,2.266123373414562,5.851428571428571,0.43103448275862066,250,0,ok,
synthetic,en,windows-default/openvoice_cpu_p1.wav,,,,,windows-default,openvoice_cpu_p1.wav,openvoice,default,1,scores_csv,,0.2857,-6.241853403997123,-21.26121122051011,9.164773670960715,2.6288309032191823,2.1942857142857144,0.7710280373831776,165,0,ok,
synthetic,en,windows-default/openvoice_cpu_p2.wav,,,,,windows-default,openvoice_cpu_p2.wav,openvoice,default,2,scores_csv,,0.0526,-3.2769622547669957,1.3598732123798323,5.4641080340043615,1.7892986732273672,4.887800453514739,0.4616977225672878,223,0,ok,
synthetic,en,windows-default/openvoice_cpu_p3.wav,,,,,windows-default,openvoice_cpu_p3.wav,openvoice,default,3,scores_csv,,0.2121,-5.1935478888848134,-10.529256014040461,9.399869448490666,2.7346604092041904,14.582131519274377,0.5960082587749483,866,0,ok,
synthetic,en,windows-default/openvoice_cpu_p4.wav,,,,,windows-default,openvoice_cpu_p4.wav,openvoice,default,4,scores_csv,,0.0556,-4.481170095749369,-0.6025019564762909,7.545844234416872,2.4638189029388036,5.77015873015873,0.4090909090909091,234,0,ok,
synthetic,en,windows-default/openvoice_cuda_p1.wav,,,,,windows-default,openvoice_cuda_p1.wav,openvoice,default,1,scores_csv,,0.1429,-8.23731552474287,-0.3741201251829802,9.586357316490645,2.9453985718067845,2.2058956916099772,0.7395348837209302,159,0,ok,
synthetic,en,windows-default/openvoice_cuda_p2.wav,,,,,windows-default,openvoice_cuda_p2.wav,openvoice,default,2,scores_csv,,0.0526,-3.4099966784986018,-12.71985836665455,5.342095628997949,1.789225558909588,4.818140589569161,0.4789915966386555,228,0,ok,
synthetic,en,windows-default/openvoice_cuda_p3.wav,,,,,windows-default,openvoice_cuda_p3.wav,openvoice,default,3,scores_csv,,0.2727,-5.353181071241161,-11.010278571923765,8.45201674933558,2.743316292360874,14.454421768707483,0.6013888888888889,866,0,ok,
synthetic,en,windows-default/openvoice_cuda_p4.wav,,,,,windows-default,openvoice_cuda_p4.wav,openvoice,default,4,scores_csv,,0.1111,-5.085460070287162,0.014792261286753101,7.956102380804461,2.4213177805755377,5.909478458049887,0.4478632478632479,262,0,ok,
synthetic,en,2026-06-02_2119/outetts_cpu_p1.wav,,,,,2026-06-02_2119,outetts_cpu_p1.wav,outetts,unknown,1,filename_fallback,,,-7.500380095188699,7.4056774917713755,7.449701219271392,2.3731864303018124,1.9863492063492063,0.6994818652849741,135,0,ok,
synthetic,en,2026-06-02_2119/outetts_cpu_p2.wav,,,,,2026-06-02_2119,outetts_cpu_p2.wav,outetts,unknown,2,filename_fallback,,,-1.5306889838773992,-3.275308389321783,3.311921411405252,1.0219475758137855,4.173015873015873,0.49514563106796117,204,0,ok,
synthetic,en,2026-06-02_2119/outetts_cuda_p1.wav,,,,,2026-06-02_2119,outetts_cuda_p1.wav,outetts,unknown,1,filename_fallback,,,-5.319184488859668,-0.21487564932356087,5.76267607551568,1.7205859757787787,1.813015873015873,0.7215909090909091,127,0,ok,
synthetic,en,2026-06-02_2126/outetts_cuda_p1.wav,,,,,2026-06-02_2126,outetts_cuda_p1.wav,outetts,unknown,1,filename_fallback,,,-9.982332904455395,-13.242285339424367,10.40917233724906,3.047933197917535,1.9863492063492063,0.7668393782383419,148,0,ok,
synthetic,en,2026-06-02_2126/outetts_cuda_p2.wav,,,,,2026-06-02_2126,outetts_cuda_p2.wav,outetts,unknown,2,filename_fallback,,,-0.7878743305225212,3.218704418859315,3.118830555338584,0.9014626521416031,4.133015873015873,0.5392156862745098,220,0,ok,
synthetic,en,2026-06-02_2126/outetts_cuda_p3.wav,,,,,2026-06-02_2126,outetts_cuda_p3.wav,outetts,unknown,3,filename_fallback,,,-0.6551767358060775,-7.004833910017897,2.9953762499845213,0.903110884829677,12.87968253968254,0.594383775351014,762,0,ok,
synthetic,en,2026-06-02_2126/outetts_cuda_p4.wav,,,,,2026-06-02_2126,outetts_cuda_p4.wav,outetts,unknown,4,filename_fallback,,,-3.808648308833718,-8.628467624367332,6.620127793226271,2.0927137154312687,5.493015873015873,0.5018382352941176,273,0,ok,
synthetic,en,2026-06-02_2133/outetts_cuda_p1.wav,,,,,2026-06-02_2133,outetts_cuda_p1.wav,outetts,unknown,1,filename_fallback,,,-8.078369576984667,-37.44281719582311,9.776280808047115,3.1698354725029336,3.6396825396825396,0.5235457063711911,189,0,ok,
synthetic,en,2026-06-02_2133/outetts_cuda_p2.wav,,,,,2026-06-02_2133,outetts_cuda_p2.wav,outetts,unknown,2,filename_fallback,,,-1.8659717409456515,-8.37077171345198,5.942768211867495,2.1637615178049394,6.9996825396825395,0.45911047345767575,320,0,ok,
synthetic,en,2026-06-02_2133/outetts_cuda_p3.wav,,,,,2026-06-02_2133,outetts_cuda_p3.wav,outetts,unknown,3,filename_fallback,,,-2.3350433463090976,-12.25935557500132,6.266753308624287,1.9582936403889117,16.59968253968254,0.5709112854556427,946,0,ok,
synthetic,en,2026-06-02_2133/outetts_cuda_p4.wav,,,,,2026-06-02_2133,outetts_cuda_p4.wav,outetts,unknown,4,filename_fallback,,,-3.6669493784718057,-0.27876146874169744,6.139260094371627,2.2496767153124795,7.51968253968254,0.4993324432576769,374,0,ok,
synthetic,en,windows-cloning/outetts_cuda_p1.wav,,,,,windows-cloning,outetts_cuda_p1.wav,outetts,cloning,1,scores_csv,,0.0,-9.982332904455395,-13.242285339424367,10.40917233724906,3.047933197917535,1.9863492063492063,0.7668393782383419,148,0,ok,
synthetic,en,windows-cloning/outetts_cuda_p2.wav,,,,,windows-cloning,outetts_cuda_p2.wav,outetts,cloning,2,scores_csv,,0.1579,-0.7878743305225212,3.218704418859315,3.118830555338584,0.9014626521416031,4.133015873015873,0.5392156862745098,220,0,ok,
synthetic,en,windows-cloning/outetts_cuda_p3.wav,,,,,windows-cloning,outetts_cuda_p3.wav,outetts,cloning,3,scores_csv,,0.2121,-0.6551767358060775,-7.004833910017897,2.9953762499845213,0.903110884829677,12.87968253968254,0.594383775351014,762,0,ok,
synthetic,en,windows-cloning/outetts_cuda_p4.wav,,,,,windows-cloning,outetts_cuda_p4.wav,outetts,cloning,4,scores_csv,,0.2222,-3.808648308833718,-8.628467624367332,6.620127793226271,2.0927137154312687,5.493015873015873,0.5018382352941176,273,0,ok,
synthetic,en,windows-default/outetts_cuda_p1.wav,,,,,windows-default,outetts_cuda_p1.wav,outetts,default,1,scores_csv,,0.0,-8.078369576984667,-37.44281719582311,9.776280808047115,3.1698354725029336,3.6396825396825396,0.5235457063711911,189,0,ok,
synthetic,en,windows-default/outetts_cuda_p2.wav,,,,,windows-default,outetts_cuda_p2.wav,outetts,default,2,scores_csv,,0.0,-1.8659717409456515,-8.37077171345198,5.942768211867495,2.1637615178049394,6.9996825396825395,0.45911047345767575,320,0,ok,
synthetic,en,windows-default/outetts_cuda_p3.wav,,,,,windows-default,outetts_cuda_p3.wav,outetts,default,3,scores_csv,,0.1818,-2.3350433463090976,-12.25935557500132,6.266753308624287,1.9582936403889117,16.59968253968254,0.5709112854556427,946,0,ok,
synthetic,en,windows-default/outetts_cuda_p4.wav,,,,,windows-default,outetts_cuda_p4.wav,outetts,default,4,scores_csv,,0.1667,-3.6669493784718057,-0.27876146874169744,6.139260094371627,2.2496767153124795,7.51968253968254,0.4993324432576769,374,0,ok,
synthetic,en,2026-06-03_1121/parler_cpu_p1.wav,,,,,2026-06-03_1121,parler_cpu_p1.wav,parler,unknown,1,filename_fallback,,,-7.263410876282004,-42.14346890851421,11.194024230143356,3.3663840265755267,2.2058956916099772,0.7916666666666666,171,0,ok,
synthetic,en,2026-06-03_1121/parler_cpu_p2.wav,,,,,2026-06-03_1121,parler_cpu_p2.wav,parler,unknown,2,filename_fallback,,,-8.57098292282557,16.216200176502607,17.360757955601304,5.444212768182873,6.1184580498866215,0.23848684210526316,145,0,ok,
synthetic,en,2026-06-03_1121/parler_cpu_p3.wav,,,,,2026-06-03_1121,parler_cpu_p3.wav,parler,unknown,3,filename_fallback,,,-5.057016574066404,-22.662691078275476,17.29121010719517,5.090460136107413,18.04190476190476,0.41245136186770426,742,0,ok,
synthetic,en,2026-06-03_1121/parler_cpu_p4.wav,,,,,2026-06-03_1121,parler_cpu_p4.wav,parler,unknown,4,filename_fallback,,,-4.3770272133795,-48.047790332521885,9.961754604671922,2.8553483565804507,7.360725623582766,0.4528043775649795,331,0,ok,
synthetic,en,2026-06-03_1121/parler_cuda_p1.wav,,,,,2026-06-03_1121,parler_cuda_p1.wav,parler,unknown,1,filename_fallback,,,-8.024416323554046,-101.68199811023513,17.17251248159669,6.001752939068468,2.681904761904762,0.7908745247148289,208,0,ok,
synthetic,en,2026-06-03_1121/parler_cuda_p2.wav,,,,,2026-06-03_1121,parler_cuda_p2.wav,parler,unknown,2,filename_fallback,,,1.531875076807336,-15.73862153332223,14.614752718035575,4.146437803457355,6.466757369614513,0.43457943925233644,279,0,ok,
synthetic,en,2026-06-03_1121/parler_cuda_p3.wav,,,,,2026-06-03_1121,parler_cuda_p3.wav,parler,unknown,3,filename_fallback,,,0.22050746039317148,22.383922338967903,9.968966140691784,4.092356554851067,17.124716553287982,0.3579379027533685,611,0,ok,
synthetic,en,2026-06-03_1121/parler_cuda_p4.wav,,,,,2026-06-03_1121,parler_cuda_p4.wav,parler,unknown,4,filename_fallback,,,3.7452263518397504,16.07641383065785,9.833528701201383,3.9884408978684176,6.675736961451247,0.5151057401812689,341,0,ok,
synthetic,en,windows-default/parler_cpu_p1.wav,,,,,windows-default,parler_cpu_p1.wav,parler,default,1,scores_csv,,0.0,-7.263410876282004,-42.14346890851421,11.194024230143356,3.3663840265755267,2.2058956916099772,0.7916666666666666,171,0,ok,
synthetic,en,windows-default/parler_cpu_p2.wav,,,,,windows-default,parler_cpu_p2.wav,parler,default,2,scores_csv,,0.0526,-8.57098292282557,16.216200176502607,17.360757955601304,5.444212768182873,6.1184580498866215,0.23848684210526316,145,0,ok,
synthetic,en,windows-default/parler_cpu_p3.wav,,,,,windows-default,parler_cpu_p3.wav,parler,default,3,scores_csv,,0.3939,-5.057016574066404,-22.662691078275476,17.29121010719517,5.090460136107413,18.04190476190476,0.41245136186770426,742,0,ok,
synthetic,en,windows-default/parler_cpu_p4.wav,,,,,windows-default,parler_cpu_p4.wav,parler,default,4,scores_csv,,0.1667,-4.3770272133795,-48.047790332521885,9.961754604671922,2.8553483565804507,7.360725623582766,0.4528043775649795,331,0,ok,
synthetic,en,windows-default/parler_cuda_p1.wav,,,,,windows-default,parler_cuda_p1.wav,parler,default,1,scores_csv,,0.0,-8.024416323554046,-101.68199811023513,17.17251248159669,6.001752939068468,2.681904761904762,0.7908745247148289,208,0,ok,
synthetic,en,windows-default/parler_cuda_p2.wav,,,,,windows-default,parler_cuda_p2.wav,parler,default,2,scores_csv,,0.0,1.531875076807336,-15.73862153332223,14.614752718035575,4.146437803457355,6.466757369614513,0.43457943925233644,279,0,ok,
synthetic,en,windows-default/parler_cuda_p4.wav,,,,,windows-default,parler_cuda_p4.wav,parler,default,4,scores_csv,,0.1111,3.7452263518397504,16.07641383065785,9.833528701201383,3.9884408978684176,6.675736961451247,0.5151057401812689,341,0,ok,
synthetic,en,windows-default/piper_cpu_p1.wav,,,,,windows-default,piper_cpu_p1.wav,piper,default,1,scores_csv,,0.0,-5.273841994658217,-64.68173671060768,16.10674592908751,4.399106958864544,2.124625850340136,0.7655502392344498,160,0,ok,
synthetic,en,windows-default/piper_cpu_p2.wav,,,,,windows-default,piper_cpu_p2.wav,piper,default,2,scores_csv,,0.0,-3.7761952978856335,-18.52699374976353,16.226564965983943,4.756771426136791,5.9675283446712015,0.4839797639123103,287,0,ok,
synthetic,en,windows-default/piper_cpu_p3.wav,,,,,windows-default,piper_cpu_p3.wav,piper,default,3,scores_csv,,0.1515,-3.990563399421821,-18.16904625963736,11.791173407284093,3.4559268453228236,15.011700680272108,0.6281708945260347,941,0,ok,
synthetic,en,windows-default/piper_cpu_p4.wav,,,,,windows-default,piper_cpu_p4.wav,piper,default,4,scores_csv,,0.1111,-8.916568213395319,-3.2899476083880432,12.985030999547659,4.309240488035671,5.828208616780046,0.5837651122625216,338,0,ok,
synthetic,en,windows-cloning/pocket_cpu_p1.wav,,,,,windows-cloning,pocket_cpu_p1.wav,pocket,cloning,1,scores_csv,,0.0,-4.770643556637348,-14.907976821307816,6.458835500347492,1.8030114599274523,1.76,0.8830409356725146,151,0,ok,
synthetic,en,windows-cloning/pocket_cpu_p2.wav,,,,,windows-cloning,pocket_cpu_p2.wav,pocket,cloning,2,scores_csv,,0.0,-2.474487310914095,-9.000481183445949,5.295546593234507,1.563746108393233,3.84,0.5672823218997362,215,0,ok,
synthetic,en,windows-cloning/pocket_cpu_p3.wav,,,,,windows-cloning,pocket_cpu_p3.wav,pocket,cloning,3,scores_csv,,0.2121,-4.9550591492221665,-21.41032205886963,6.400331815787303,2.107978667455914,10.8,0.6852886405959032,736,0,ok,
synthetic,en,windows-cloning/pocket_cpu_p4.wav,,,,,windows-cloning,pocket_cpu_p4.wav,pocket,cloning,4,scores_csv,,0.0556,-3.8942340387494347,-3.321093177399861,6.2981296381021705,1.9748128003204852,4.88,0.5031055900621118,243,0,ok,
synthetic,en,windows-default/pocket_cpu_p1.wav,,,,,windows-default,pocket_cpu_p1.wav,pocket,default,1,scores_csv,,0.0,-18.88025752158614,-13.831172554063974,19.99288087289764,6.987851023033763,2.48,0.6967213114754098,170,1,ok,
synthetic,en,windows-default/pocket_cpu_p2.wav,,,,,windows-default,pocket_cpu_p2.wav,pocket,default,2,scores_csv,,0.0,-5.507722558647433,-33.573058668191344,18.57526800487942,4.525570707926527,6.24,0.4444444444444444,276,3,ok,
synthetic,en,windows-default/pocket_cpu_p3.wav,,,,,windows-default,pocket_cpu_p3.wav,pocket,default,3,scores_csv,,0.2121,-3.5313585694662692,-25.89866459451733,17.131853926478534,4.074713161927621,15.68,0.6172523961661341,966,3,ok,
synthetic,en,windows-default/pocket_cpu_p4.wav,,,,,windows-default,pocket_cpu_p4.wav,pocket,default,4,scores_csv,,0.0556,-5.514088172783948,-10.165105987260729,7.7592027395043,3.1901031764549925,7.04,0.4793152639087018,336,1,ok,
synthetic,en,windows-default/qwentts_cpu_p1.wav,,,,,windows-default,qwentts_cpu_p1.wav,qwentts,default,1,scores_csv,,0.0,-20.335768250135786,-65.8394351840883,24.04772052943941,6.700716293774391,1.84,0.7944444444444444,143,0,ok,
synthetic,en,windows-default/qwentts_cpu_p2.wav,,,,,windows-default,qwentts_cpu_p2.wav,qwentts,default,2,scores_csv,,0.0,-9.528638541678824,-33.66562897220534,11.614398835856193,4.448646114286668,4.48,0.6126126126126126,272,0,ok,
synthetic,en,windows-default/qwentts_cpu_p3.wav,,,,,windows-default,qwentts_cpu_p3.wav,qwentts,default,3,scores_csv,,0.1515,-6.1030718438474185,-37.875762118409526,14.629993436000289,4.701845758054968,15.04,0.670219853431046,1006,0,ok,
synthetic,en,windows-default/qwentts_cpu_p4.wav,,,,,windows-default,qwentts_cpu_p4.wav,qwentts,default,4,scores_csv,,0.1111,-8.11016043130766,-29.776913254382098,10.021640050865436,3.360188196820442,6.24,0.6435483870967742,399,0,ok,
synthetic,en,windows-default/qwentts_cuda_p1.wav,,,,,windows-default,qwentts_cuda_p1.wav,qwentts,default,1,scores_csv,,0.0,-13.704342137388894,-15.406668186718548,14.780516179192922,4.2727496746507105,1.92,0.7872340425531915,148,0,ok,
synthetic,en,windows-default/qwentts_cuda_p2.wav,,,,,windows-default,qwentts_cuda_p2.wav,qwentts,default,2,scores_csv,,0.1053,0.032503587194753186,-31.1793334659006,11.8506884081389,3.872570641796974,4.48,0.6134831460674157,273,0,ok,
synthetic,en,windows-default/qwentts_cuda_p3.wav,,,,,windows-default,qwentts_cuda_p3.wav,qwentts,default,3,scores_csv,,0.1515,-8.344870453388983,-40.268453085844314,12.19800351788826,4.18918530997083,13.52,0.7195845697329377,970,1,ok,
synthetic,en,windows-default/qwentts_cuda_p4.wav,,,,,windows-default,qwentts_cuda_p4.wav,qwentts,default,4,scores_csv,,0.2222,-6.132452186633175,0.2583772549558819,12.55368803918476,4.024848252425348,6.96,0.5664739884393064,392,0,ok,
synthetic,en,2026-05-31_1357/qwentts_fast_cuda_p1.wav,,,,,2026-05-31_1357,qwentts_fast_cuda_p1.wav,qwentts_fast,unknown,1,filename_fallback,,,-3.3658328157066246,6.1501387297469,5.916973384293618,1.8838785700427163,1.68,0.9629629629629629,156,0,ok,
synthetic,en,2026-05-31_1357/qwentts_fast_cuda_p2.wav,,,,,2026-05-31_1357,qwentts_fast_cuda_p2.wav,qwentts_fast,unknown,2,filename_fallback,,,0.2206409607334894,25.648935814876005,6.315219494966842,1.7924730564013602,4.32,0.5199063231850117,222,0,ok,
synthetic,en,2026-05-31_1357/qwentts_fast_cuda_p3.wav,,,,,2026-05-31_1357,qwentts_fast_cuda_p3.wav,qwentts_fast,unknown,3,filename_fallback,,,-7.597857079523757,5.189162227455957,9.980771093993896,3.0839571492555624,13.2,0.6666666666666666,876,0,ok,
synthetic,en,2026-05-31_1357/qwentts_fast_cuda_p4.wav,,,,,2026-05-31_1357,qwentts_fast_cuda_p4.wav,qwentts_fast,unknown,4,filename_fallback,,,-11.904549228896192,-24.68895891636801,15.163944289560522,4.314827952665873,6.72,0.527736131934033,352,0,ok,
synthetic,en,windows-cloning/qwentts_fast_cuda_p1.wav,,,,,windows-cloning,qwentts_fast_cuda_p1.wav,qwentts_fast,cloning,1,scores_csv,,0.0,-3.3658328157066246,6.1501387297469,5.916973384293618,1.8838785700427163,1.68,0.9629629629629629,156,0,ok,
synthetic,en,windows-cloning/qwentts_fast_cuda_p2.wav,,,,,windows-cloning,qwentts_fast_cuda_p2.wav,qwentts_fast,cloning,2,scores_csv,,0.0,0.2206409607334894,25.648935814876005,6.315219494966842,1.7924730564013602,4.32,0.5199063231850117,222,0,ok,
synthetic,en,windows-cloning/qwentts_fast_cuda_p3.wav,,,,,windows-cloning,qwentts_fast_cuda_p3.wav,qwentts_fast,cloning,3,scores_csv,,0.1515,-7.597857079523757,5.189162227455957,9.980771093993896,3.0839571492555624,13.2,0.6666666666666666,876,0,ok,
synthetic,en,windows-cloning/qwentts_fast_cuda_p4.wav,,,,,windows-cloning,qwentts_fast_cuda_p4.wav,qwentts_fast,cloning,4,scores_csv,,0.1667,-11.904549228896192,-24.68895891636801,15.163944289560522,4.314827952665873,6.72,0.527736131934033,352,0,ok,
synthetic,en,windows-default/qwentts_fast_cuda_p1.wav,,,,,windows-default,qwentts_fast_cuda_p1.wav,qwentts_fast,default,1,scores_csv,,0.0,-16.530909565726574,-23.066472482248113,18.199737370290165,5.354412525222123,1.92,0.8783068783068783,166,0,ok,
synthetic,en,windows-default/qwentts_fast_cuda_p2.wav,,,,,windows-default,qwentts_fast_cuda_p2.wav,qwentts_fast,default,2,scores_csv,,0.0,-7.128302782391648,-24.90316742800317,12.296410972705516,4.009020510955263,4.96,0.6206896551724138,306,0,ok,
synthetic,en,windows-default/qwentts_fast_cuda_p3.wav,,,,,windows-default,qwentts_fast_cuda_p3.wav,qwentts_fast,default,3,scores_csv,,0.2121,-4.805657660398803,-38.665313617270556,9.360914065923346,2.95235393584823,13.36,0.710960960960961,947,0,ok,
synthetic,en,windows-default/qwentts_fast_cuda_p4.wav,,,,,windows-default,qwentts_fast_cuda_p4.wav,qwentts_fast,default,4,scores_csv,,0.1111,-3.3707572387785354,-5.356084023411707,10.369618511334446,3.223104004940072,6.24,0.6290322580645161,390,0,ok,
synthetic,en,2026-07-20_1159/scyllasband_cpu_p1.wav,,,,,2026-07-20_1159,scyllasband_cpu_p1.wav,scyllasband,unknown,1,filename_fallback,,,-8.887985585321202,-18.57278736537022,10.072433457527044,3.4353508431531896,2.528,0.7791164658634538,194,1,ok,
synthetic,en,2026-07-20_1159/scyllasband_cpu_p2.wav,,,,,2026-07-20_1159,scyllasband_cpu_p2.wav,scyllasband,unknown,2,filename_fallback,,,-4.521475787491838,7.789409686041973,8.647190976821033,2.607394563955445,5.152,0.529296875,271,1,ok,
synthetic,en,2026-07-20_1159/scyllasband_cpu_p3.wav,,,,,2026-07-20_1159,scyllasband_cpu_p3.wav,scyllasband,unknown,3,filename_fallback,,,-1.584655858691743,-14.984393361696972,7.493402269981303,2.0303837812719228,14.293333333333333,0.6683029453015428,953,0,ok,
synthetic,en,2026-07-20_1159/scyllasband_cpu_p4.wav,,,,,2026-07-20_1159,scyllasband_cpu_p4.wav,scyllasband,unknown,4,filename_fallback,,,-4.115634470073974,-25.88878471459141,7.638964760545683,2.464275535321339,6.538666666666667,0.6,390,0,ok,
synthetic,en,windows-default/scyllasband_cpu_p1.wav,,,,,windows-default,scyllasband_cpu_p1.wav,scyllasband,default,1,scores_csv,,0.0,-8.887985585321202,-18.57278736537022,10.072433457527044,3.4353508431531896,2.528,0.7791164658634538,194,1,ok,
synthetic,en,windows-default/scyllasband_cpu_p2.wav,,,,,windows-default,scyllasband_cpu_p2.wav,scyllasband,default,2,scores_csv,,0.0,-4.521475787491838,7.789409686041973,8.647190976821033,2.607394563955445,5.152,0.529296875,271,1,ok,
synthetic,en,windows-default/scyllasband_cpu_p3.wav,,,,,windows-default,scyllasband_cpu_p3.wav,scyllasband,default,3,scores_csv,,0.2121,-1.584655858691743,-14.984393361696972,7.493402269981303,2.0303837812719228,14.293333333333333,0.6683029453015428,953,0,ok,
synthetic,en,windows-default/scyllasband_cpu_p4.wav,,,,,windows-default,scyllasband_cpu_p4.wav,scyllasband,default,4,scores_csv,,0.1111,-4.115634470073974,-25.88878471459141,7.638964760545683,2.464275535321339,6.538666666666667,0.6,390,0,ok,
synthetic,en,windows-cloning/sesame_cpu_p1.wav,,,,,windows-cloning,sesame_cpu_p1.wav,sesame,cloning,1,scores_csv,,0.0,-8.420662316760348,-31.43479690705931,11.221057128698359,3.2976531057510328,2.24,0.8119266055045872,177,0,ok,
synthetic,en,windows-cloning/sesame_cpu_p2.wav,,,,,windows-cloning,sesame_cpu_p2.wav,sesame,cloning,2,scores_csv,,0.0,-10.476954060313771,-41.496567912548926,10.101308596890409,3.181680194654262,4.32,0.5409836065573771,231,0,ok,
synthetic,en,windows-cloning/sesame_cpu_p4.wav,,,,,windows-cloning,sesame_cpu_p4.wav,sesame,cloning,4,scores_csv,,0.1111,-9.752691217973206,2.495089402559878,10.871097283567204,3.714035347533152,6.72,0.545727136431784,364,0,ok,
synthetic,en,windows-cloning/sesame_cuda_p1.wav,,,,,windows-cloning,sesame_cuda_p1.wav,sesame,cloning,1,scores_csv,,0.0,-9.565854000340705,-23.172832987703874,11.171592638302736,3.757751343456148,1.68,0.8950617283950617,145,0,ok,
synthetic,en,windows-cloning/sesame_cuda_p2.wav,,,,,windows-cloning,sesame_cuda_p2.wav,sesame,cloning,2,scores_csv,,0.0,-5.605871692051026,-39.55655320222376,9.330831832032263,3.155375156475032,4.8,0.49473684210526314,235,0,ok,
synthetic,en,windows-cloning/sesame_cuda_p4.wav,,,,,windows-cloning,sesame_cuda_p4.wav,sesame,cloning,4,scores_csv,,0.1111,-7.5491771924054305,-5.545594588951394,10.19999279457134,3.321659169026101,9.68,0.44386694386694386,427,0,ok,
synthetic,en,windows-default/sesame_cpu_p1.wav,,,,,windows-default,sesame_cpu_p1.wav,sesame,default,1,scores_csv,,0.0,-3.3512790039777305,-47.087433533236165,6.43849702702697,1.8353895032669763,2.24,0.8944954128440367,195,0,ok,
synthetic,en,windows-default/sesame_cpu_p2.wav,,,,,windows-default,sesame_cpu_p2.wav,sesame,default,2,scores_csv,,0.1053,-2.4061530313821833,-5.101691355839816,10.16177394364591,3.1289098395570103,5.68,0.42628774422735344,240,0,ok,
synthetic,en,windows-default/sesame_cpu_p4.wav,,,,,windows-default,sesame_cpu_p4.wav,sesame,default,4,scores_csv,,0.0556,-4.261678289667904,-13.478814296078443,8.140516325523052,2.537316306975376,6.16,0.5482815057283142,335,0,ok,
synthetic,en,windows-default/sesame_cuda_p1.wav,,,,,windows-default,sesame_cuda_p1.wav,sesame,default,1,scores_csv,,0.0,-8.656087604534548,-15.597513326601105,9.966254469202823,2.9327721245279226,1.68,0.7037037037037037,114,0,ok,
synthetic,en,windows-default/sesame_cuda_p2.wav,,,,,windows-default,sesame_cuda_p2.wav,sesame,default,2,scores_csv,,0.0,-1.2494067885399287,-6.583894211710688,16.236274929659924,5.288322153231445,4.96,0.48268839103869654,237,0,ok,
synthetic,en,windows-default/sesame_cuda_p3.wav,,,,,windows-default,sesame_cuda_p3.wav,sesame,default,3,scores_csv,,0.4545,-3.0516131739779633,38.397304779658924,11.320230766230779,3.4195022710053036,10.0,0.7165829145728643,713,0,ok,
synthetic,en,windows-default/sesame_cuda_p4.wav,,,,,windows-default,sesame_cuda_p4.wav,sesame,default,4,scores_csv,,0.0,-4.473789472770917,-32.0949422381803,13.857327009064212,3.9226989994631296,9.36,0.5278969957081545,492,0,ok,
synthetic,en,windows-default/soprano_cpu_p1.wav,,,,,windows-default,soprano_cpu_p1.wav,soprano,default,1,scores_csv,,0.0,-8.431528275995502,-12.2102029905998,9.647059347022932,2.813457587267517,1.984,0.8461538461538461,165,0,ok,
synthetic,en,windows-default/soprano_cpu_p2.wav,,,,,windows-default,soprano_cpu_p2.wav,soprano,default,2,scores_csv,,0.0,-6.385913733095175,-14.867405574925314,10.234002048194583,3.344947038746053,4.992,0.5432595573440644,270,0,ok,
synthetic,en,windows-default/soprano_cpu_p3.wav,,,,,windows-default,soprano_cpu_p3.wav,soprano,default,3,scores_csv,,0.1515,-3.6601652407757426,-16.823872298635894,10.021123019552606,3.4142707467364195,14.72,0.6766507828454731,994,1,ok,
synthetic,en,windows-default/soprano_cpu_p4.wav,,,,,windows-default,soprano_cpu_p4.wav,soprano,default,4,scores_csv,,0.0556,-6.699039166842936,-64.1271451411781,12.368991322965778,3.959425656785276,5.76,0.6184668989547039,355,0,ok,
synthetic,en,windows-default/soprano_cuda_p1.wav,,,,,windows-default,soprano_cuda_p1.wav,soprano,default,1,scores_csv,,0.0,-8.410485812239875,-16.49661708003297,9.663298726449757,2.6698123269341245,1.792,0.8522727272727273,150,0,ok,
synthetic,en,windows-default/soprano_cuda_p2.wav,,,,,windows-default,soprano_cuda_p2.wav,soprano,default,2,scores_csv,,0.0,-6.401099722328703,-14.67449642042891,10.142218083552132,3.334815274192603,4.992,0.5432595573440644,270,0,ok,
synthetic,en,windows-default/soprano_cuda_p3.wav,,,,,windows-default,soprano_cuda_p3.wav,soprano,default,3,scores_csv,,0.1818,-3.773090436593081,-11.338584821307027,10.26291484463374,3.445976981100686,14.016,0.7097927090779128,993,0,ok,
synthetic,en,windows-default/soprano_cuda_p4.wav,,,,,windows-default,soprano_cuda_p4.wav,soprano,default,4,scores_csv,,0.0556,-6.4372661570284455,-35.008799184754594,11.92681737873641,3.7825609994136187,5.76,0.62478184991274,358,0,ok,
synthetic,en,2026-05-30_2241/styletts2_cpu_p1.wav,,,,,2026-05-30_2241,styletts2_cpu_p1.wav,styletts2,unknown,1,filename_fallback,,,-7.866831843325002,-27.61013744836503,8.95600428691515,2.884334167782621,3.222916666666667,0.6269592476489029,200,0,ok,
synthetic,en,2026-05-30_2241/styletts2_cpu_p2.wav,,,,,2026-05-30_2241,styletts2_cpu_p2.wav,styletts2,unknown,2,filename_fallback,,,-6.725396220965096,52.172353685408915,11.414089129300393,3.823404710066567,6.947916666666667,0.38872832369942195,269,0,ok,
synthetic,en,2026-05-30_2241/styletts2_cpu_p3.wav,,,,,2026-05-30_2241,styletts2_cpu_p3.wav,styletts2,unknown,3,filename_fallback,,,-4.374472104584276,-21.259668058328195,11.784346567806205,4.428040684733337,17.947916666666668,0.4818537130094919,863,4,ok,
synthetic,en,2026-05-30_2241/styletts2_cpu_p4.wav,,,,,2026-05-30_2241,styletts2_cpu_p4.wav,styletts2,unknown,4,filename_fallback,,,-4.435401582968778,-5.879002558857106,9.557485168772637,3.4801994157465597,7.622916666666667,0.4519104084321476,343,0,ok,
synthetic,en,2026-05-30_2241/styletts2_cuda_p1.wav,,,,,2026-05-30_2241,styletts2_cuda_p1.wav,styletts2,unknown,1,filename_fallback,,,-7.866831843325002,-27.61013744836503,8.95600428691515,2.884334167782621,3.222916666666667,0.6269592476489029,200,0,ok,
synthetic,en,2026-05-30_2241/styletts2_cuda_p2.wav,,,,,2026-05-30_2241,styletts2_cuda_p2.wav,styletts2,unknown,2,filename_fallback,,,-6.725396220965096,52.172353685408915,11.414089129300393,3.823404710066567,6.947916666666667,0.38872832369942195,269,0,ok,
synthetic,en,2026-05-30_2241/styletts2_cuda_p3.wav,,,,,2026-05-30_2241,styletts2_cuda_p3.wav,styletts2,unknown,3,filename_fallback,,,-4.374472104584276,-21.259668058328195,11.784346567806205,4.428040684733337,17.947916666666668,0.4818537130094919,863,4,ok,
synthetic,en,2026-05-30_2241/styletts2_cuda_p4.wav,,,,,2026-05-30_2241,styletts2_cuda_p4.wav,styletts2,unknown,4,filename_fallback,,,-4.435401582968778,-5.879002558857106,9.557485168772637,3.4801994157465597,7.622916666666667,0.4519104084321476,343,0,ok,
synthetic,en,2026-05-30_2330/styletts2_cpu_p1.wav,,,,,2026-05-30_2330,styletts2_cpu_p1.wav,styletts2,unknown,1,filename_fallback,,,-8.677792064859906,-29.736555323481145,11.959526197586195,3.4213057754320166,3.5479166666666666,0.7564469914040115,264,0,ok,
synthetic,en,2026-05-30_2330/styletts2_cpu_p2.wav,,,,,2026-05-30_2330,styletts2_cpu_p2.wav,styletts2,unknown,2,filename_fallback,,,-6.688933706646567,-4.240664131332004,11.579268596302883,3.3123670621726635,7.497916666666667,0.5094086021505376,379,0,ok,
synthetic,en,2026-05-30_2330/styletts2_cpu_p3.wav,,,,,2026-05-30_2330,styletts2_cpu_p3.wav,styletts2,unknown,3,filename_fallback,,,-3.7688890766346823,-18.152286828186195,9.71191697639648,3.2485820699765577,19.222916666666666,0.5920709441836203,1135,0,ok,
synthetic,en,2026-05-30_2330/styletts2_cpu_p4.wav,,,,,2026-05-30_2330,styletts2_cpu_p4.wav,styletts2,unknown,4,filename_fallback,,,-4.48274212234348,5.86566085579998,10.81270500253456,3.150847126009306,7.647916666666666,0.525691699604743,399,0,ok,
synthetic,en,2026-05-30_2330/styletts2_cuda_p1.wav,,,,,2026-05-30_2330,styletts2_cuda_p1.wav,styletts2,unknown,1,filename_fallback,,,-8.677792064859906,-29.736555323481145,11.959526197586195,3.4213057754320166,3.5479166666666666,0.7564469914040115,264,0,ok,
synthetic,en,2026-05-30_2330/styletts2_cuda_p2.wav,,,,,2026-05-30_2330,styletts2_cuda_p2.wav,styletts2,unknown,2,filename_fallback,,,-6.688933706646567,-4.240664131332004,11.579268596302883,3.3123670621726635,7.497916666666667,0.5094086021505376,379,0,ok,
synthetic,en,2026-05-30_2330/styletts2_cuda_p3.wav,,,,,2026-05-30_2330,styletts2_cuda_p3.wav,styletts2,unknown,3,filename_fallback,,,-3.7688890766346823,-18.152286828186195,9.71191697639648,3.2485820699765577,19.222916666666666,0.5920709441836203,1135,0,ok,
synthetic,en,2026-05-30_2330/styletts2_cuda_p4.wav,,,,,2026-05-30_2330,styletts2_cuda_p4.wav,styletts2,unknown,4,filename_fallback,,,-4.48274212234348,5.86566085579998,10.81270500253456,3.150847126009306,7.647916666666666,0.525691699604743,399,0,ok,
synthetic,en,windows-cloning/styletts2_cpu_p1.wav,,,,,windows-cloning,styletts2_cpu_p1.wav,styletts2,cloning,1,scores_csv,,0.0,-8.677792064859906,-29.736555323481145,11.959526197586195,3.4213057754320166,3.5479166666666666,0.7564469914040115,264,0,ok,
synthetic,en,windows-cloning/styletts2_cpu_p2.wav,,,,,windows-cloning,styletts2_cpu_p2.wav,styletts2,cloning,2,scores_csv,,0.0,-6.688933706646567,-4.240664131332004,11.579268596302883,3.3123670621726635,7.497916666666667,0.5094086021505376,379,0,ok,
synthetic,en,windows-cloning/styletts2_cpu_p3.wav,,,,,windows-cloning,styletts2_cpu_p3.wav,styletts2,cloning,3,scores_csv,,0.1818,-3.7688890766346823,-18.152286828186195,9.71191697639648,3.2485820699765577,19.222916666666666,0.5920709441836203,1135,0,ok,
synthetic,en,windows-cloning/styletts2_cpu_p4.wav,,,,,windows-cloning,styletts2_cpu_p4.wav,styletts2,cloning,4,scores_csv,,0.2778,-4.48274212234348,5.86566085579998,10.81270500253456,3.150847126009306,7.647916666666666,0.525691699604743,399,0,ok,
synthetic,en,windows-cloning/styletts2_cuda_p1.wav,,,,,windows-cloning,styletts2_cuda_p1.wav,styletts2,cloning,1,scores_csv,,0.0,-8.677792064859906,-29.736555323481145,11.959526197586195,3.4213057754320166,3.5479166666666666,0.7564469914040115,264,0,ok,
synthetic,en,windows-cloning/styletts2_cuda_p2.wav,,,,,windows-cloning,styletts2_cuda_p2.wav,styletts2,cloning,2,scores_csv,,0.0,-6.688933706646567,-4.240664131332004,11.579268596302883,3.3123670621726635,7.497916666666667,0.5094086021505376,379,0,ok,
synthetic,en,windows-cloning/styletts2_cuda_p3.wav,,,,,windows-cloning,styletts2_cuda_p3.wav,styletts2,cloning,3,scores_csv,,0.1818,-3.7688890766346823,-18.152286828186195,9.71191697639648,3.2485820699765577,19.222916666666666,0.5920709441836203,1135,0,ok,
synthetic,en,windows-cloning/styletts2_cuda_p4.wav,,,,,windows-cloning,styletts2_cuda_p4.wav,styletts2,cloning,4,scores_csv,,0.2778,-4.48274212234348,5.86566085579998,10.81270500253456,3.150847126009306,7.647916666666666,0.525691699604743,399,0,ok,
synthetic,en,windows-default/styletts2_cpu_p1.wav,,,,,windows-default,styletts2_cpu_p1.wav,styletts2,default,1,scores_csv,,0.0,-7.866831843325002,-27.61013744836503,8.95600428691515,2.884334167782621,3.222916666666667,0.6269592476489029,200,0,ok,
synthetic,en,windows-default/styletts2_cpu_p2.wav,,,,,windows-default,styletts2_cpu_p2.wav,styletts2,default,2,scores_csv,,0.0,-6.725396220965096,52.172353685408915,11.414089129300393,3.823404710066567,6.947916666666667,0.38872832369942195,269,0,ok,
synthetic,en,windows-default/styletts2_cpu_p3.wav,,,,,windows-default,styletts2_cpu_p3.wav,styletts2,default,3,scores_csv,,0.2424,-4.374472104584276,-21.259668058328195,11.784346567806205,4.428040684733337,17.947916666666668,0.4818537130094919,863,4,ok,
synthetic,en,windows-default/styletts2_cpu_p4.wav,,,,,windows-default,styletts2_cpu_p4.wav,styletts2,default,4,scores_csv,,0.3889,-4.435401582968778,-5.879002558857106,9.557485168772637,3.4801994157465597,7.622916666666667,0.4519104084321476,343,0,ok,
synthetic,en,windows-default/styletts2_cuda_p1.wav,,,,,windows-default,styletts2_cuda_p1.wav,styletts2,default,1,scores_csv,,0.0,-7.866831843325002,-27.61013744836503,8.95600428691515,2.884334167782621,3.222916666666667,0.6269592476489029,200,0,ok,
synthetic,en,windows-default/styletts2_cuda_p2.wav,,,,,windows-default,styletts2_cuda_p2.wav,styletts2,default,2,scores_csv,,0.0,-6.725396220965096,52.172353685408915,11.414089129300393,3.823404710066567,6.947916666666667,0.38872832369942195,269,0,ok,
synthetic,en,windows-default/styletts2_cuda_p3.wav,,,,,windows-default,styletts2_cuda_p3.wav,styletts2,default,3,scores_csv,,0.2424,-4.374472104584276,-21.259668058328195,11.784346567806205,4.428040684733337,17.947916666666668,0.4818537130094919,863,4,ok,
synthetic,en,windows-default/styletts2_cuda_p4.wav,,,,,windows-default,styletts2_cuda_p4.wav,styletts2,default,4,scores_csv,,0.3889,-4.435401582968778,-5.879002558857106,9.557485168772637,3.4801994157465597,7.622916666666667,0.4519104084321476,343,0,ok,
synthetic,en,windows-default/supertonic_cpu_p1.wav,,,,,windows-default,supertonic_cpu_p1.wav,supertonic,default,1,scores_csv,,0.0,-8.701264661057184,-71.22967466820509,12.292927348312421,4.169117339254581,2.8560544217687074,0.5285714285714286,148,0,ok,
synthetic,en,windows-default/supertonic_cpu_p2.wav,,,,,windows-default,supertonic_cpu_p2.wav,supertonic,default,2,scores_csv,,0.0,-4.7771326615374115,-29.86779125666114,14.172429730957349,4.248793551414718,6.060408163265306,0.37271214642262895,224,0,ok,
synthetic,en,windows-default/supertonic_cpu_p3.wav,,,,,windows-default,supertonic_cpu_p3.wav,supertonic,default,3,scores_csv,,0.2121,-3.9823537950974965,-39.78817377250445,13.184449847830304,4.184650489591826,18.11156462585034,0.574750830564784,1038,0,ok,
synthetic,en,windows-default/supertonic_cpu_p4.wav,,,,,windows-default,supertonic_cpu_p4.wav,supertonic,default,4,scores_csv,,0.1111,-9.501412172510246,-42.13044525515361,15.693281361972486,4.783960604220711,6.965986394557823,0.41678726483357453,288,0,ok,
synthetic,en,windows-default/vibevoice_cpu_p1.wav,,,,,windows-default,vibevoice_cpu_p1.wav,vibevoice,default,1,scores_csv,,0.0,-6.791391636435656,4.330524720048513,10.485698053628816,3.8154390889239647,3.066666666666667,0.5808580858085809,176,0,ok,
synthetic,en,windows-default/vibevoice_cpu_p2.wav,,,,,windows-default,vibevoice_cpu_p2.wav,vibevoice,default,2,scores_csv,,0.0,-4.570059423237575,-9.946545821213208,10.397847904933538,3.4444058264339317,6.0,0.4137353433835846,247,1,ok,
synthetic,en,windows-default/vibevoice_cpu_p3.wav,,,,,windows-default,vibevoice_cpu_p3.wav,vibevoice,default,3,scores_csv,,0.2121,-3.913400316174527,-74.84749764334643,20.854270041766814,5.241482450165705,22.4,0.49262405006705406,1102,4,ok,
synthetic,en,windows-default/vibevoice_cpu_p4.wav,,,,,windows-default,vibevoice_cpu_p4.wav,vibevoice,default,4,scores_csv,,0.1111,-4.3911356661915955,-21.3663674775851,11.127466030869583,3.376220953334778,6.933333333333334,0.4558610709117221,315,0,ok,
synthetic,en,windows-default/vibevoice_cuda_p1.wav,,,,,windows-default,vibevoice_cuda_p1.wav,vibevoice,default,1,scores_csv,,0.0,-6.7165931335379225,-10.501397273371548,7.94989371222613,2.79342710374842,2.933333333333333,0.506896551724138,147,0,ok,
synthetic,en,windows-default/vibevoice_cuda_p2.wav,,,,,windows-default,vibevoice_cuda_p2.wav,vibevoice,default,2,scores_csv,,0.0,-8.721187305220749,-13.01363566591324,14.376649931465238,5.2230439848481485,6.0,0.3996655518394649,239,0,ok,
synthetic,en,windows-default/vibevoice_cuda_p3.wav,,,,,windows-default,vibevoice_cuda_p3.wav,vibevoice,default,3,scores_csv,,0.0909,-3.854385218191395,-35.82548170295541,8.972489384667226,3.2806968566759065,19.733333333333334,0.5421319796954315,1068,2,ok,
synthetic,en,windows-default/vibevoice_cuda_p4.wav,,,,,windows-default,vibevoice_cuda_p4.wav,vibevoice,default,4,scores_csv,,0.5,0.19079195425215809,-29.924812729947735,8.674643687282487,3.3288218754628724,7.466666666666667,0.45026881720430106,335,0,ok,
synthetic,en,windows-default/vibevoice_15b_cpu_p1.wav,,,,,windows-default,vibevoice_15b_cpu_p1.wav,vibevoice_15b,default,1,scores_csv,,0.1429,-0.6481784609314599,-31.969871660317523,10.279302122756643,3.277604199912169,2.2666666666666666,0.7647058823529411,169,0,ok,
synthetic,en,windows-default/vibevoice_15b_cpu_p2.wav,,,,,windows-default,vibevoice_15b_cpu_p2.wav,vibevoice_15b,default,2,scores_csv,,0.1053,-14.698233982389906,-14.27650247057161,12.59350719168961,3.8779421309419884,5.066666666666666,0.41317365269461076,207,0,ok,
synthetic,en,windows-default/vibevoice_15b_cpu_p3.wav,,,,,windows-default,vibevoice_15b_cpu_p3.wav,vibevoice_15b,default,3,scores_csv,,0.2424,-5.638279301466676,-38.25906430584051,11.051111051941186,3.505119487753569,17.066666666666666,0.6019988242210464,1024,0,ok,
synthetic,en,windows-default/vibevoice_15b_cpu_p4.wav,,,,,windows-default,vibevoice_15b_cpu_p4.wav,vibevoice_15b,default,4,scores_csv,,0.1111,-0.5058531518684097,19.190030342189736,6.536795248486099,2.57305720778571,8.133333333333333,0.33044554455445546,267,0,ok,
synthetic,en,windows-default/vibevoice_15b_cuda_p1.wav,,,,,windows-default,vibevoice_15b_cuda_p1.wav,vibevoice_15b,default,1,scores_csv,,0.0,-4.517148897203502,71.63742707476494,10.07479660285179,3.2843034085132152,2.8,0.7773722627737226,213,0,ok,
synthetic,en,windows-default/vibevoice_15b_cuda_p2.wav,,,,,windows-default,vibevoice_15b_cuda_p2.wav,vibevoice_15b,default,2,scores_csv,,0.0526,3.4713562864613765,-100.0806147294661,9.962837516124265,3.474024543068619,4.666666666666667,0.47288503253796094,218,0,ok,
synthetic,en,windows-default/vibevoice_15b_cuda_p3.wav,,,,,windows-default,vibevoice_15b_cuda_p3.wav,vibevoice_15b,default,3,scores_csv,,0.2121,-3.513183681313766,-23.912421241071353,8.095561694290415,2.529575712519811,16.133333333333333,0.5783582089552238,930,0,ok,
synthetic,en,windows-default/vibevoice_15b_cuda_p4.wav,,,,,windows-default,vibevoice_15b_cuda_p4.wav,vibevoice_15b,default,4,scores_csv,,0.1111,-4.729645011223029,-19.746314717481294,13.725033086953392,3.9096047342567206,6.4,0.4062992125984252,258,0,ok,
synthetic,en,2026-05-30_2241/vibevoice_7b_cuda_p1.wav,,,,,2026-05-30_2241,vibevoice_7b_cuda_p1.wav,vibevoice_7b,unknown,1,filename_fallback,,,-3.172039282494877,72.43061293239815,9.60220407301579,3.1345488320994956,2.2666666666666666,0.6018099547511312,133,0,ok,
synthetic,en,2026-05-30_2241/vibevoice_7b_cuda_p2.wav,,,,,2026-05-30_2241,vibevoice_7b_cuda_p2.wav,vibevoice_7b,unknown,2,filename_fallback,,,-8.394194966083568,-18.97727666374626,10.731219336371382,3.1890196664194126,4.266666666666667,0.49643705463182897,209,0,ok,
synthetic,en,2026-05-30_2241/vibevoice_7b_cuda_p3.wav,,,,,2026-05-30_2241,vibevoice_7b_cuda_p3.wav,vibevoice_7b,unknown,3,filename_fallback,,,-5.317059999019636,-33.85752813310204,8.076382824458273,2.8344726709992147,17.866666666666667,0.571027512633352,1017,0,ok,
synthetic,en,2026-05-30_2241/vibevoice_7b_cuda_p4.wav,,,,,2026-05-30_2241,vibevoice_7b_cuda_p4.wav,vibevoice_7b,unknown,4,filename_fallback,,,-8.70495373660065,-16.408287124677173,12.879536421021392,4.017157523910542,8.666666666666666,0.37630662020905925,324,0,ok,
synthetic,en,2026-05-30_2330/vibevoice_7b_cuda_p1.wav,,,,,2026-05-30_2330,vibevoice_7b_cuda_p1.wav,vibevoice_7b,unknown,1,filename_fallback,,,-17.586720065915365,-38.592544497103155,18.28889171942209,5.3827606124359715,2.6666666666666665,0.7061068702290076,185,0,ok,
synthetic,en,2026-05-30_2330/vibevoice_7b_cuda_p2.wav,,,,,2026-05-30_2330,vibevoice_7b_cuda_p2.wav,vibevoice_7b,unknown,2,filename_fallback,,,-4.262397522917231,-55.978618105010334,6.159480493056549,2.0183919307991496,4.266666666666667,0.5225653206650831,220,0,ok,
synthetic,en,2026-05-30_2330/vibevoice_7b_cuda_p3.wav,,,,,2026-05-30_2330,vibevoice_7b_cuda_p3.wav,vibevoice_7b,unknown,3,filename_fallback,,,-8.127029040855154,-41.81449894009767,14.764249665863638,4.347273079449513,16.0,0.5924764890282131,945,0,ok,
synthetic,en,2026-05-30_2330/vibevoice_7b_cuda_p4.wav,,,,,2026-05-30_2330,vibevoice_7b_cuda_p4.wav,vibevoice_7b,unknown,4,filename_fallback,,,0.22952356636439605,-30.65848249228218,10.137221278613438,3.4930749917992463,7.866666666666666,0.4199743918053777,328,0,ok,
synthetic,en,windows-cloning/vibevoice_7b_cuda_p1.wav,,,,,windows-cloning,vibevoice_7b_cuda_p1.wav,vibevoice_7b,cloning,1,scores_csv,,0.0,-17.586720065915365,-38.592544497103155,18.28889171942209,5.3827606124359715,2.6666666666666665,0.7061068702290076,185,0,ok,
synthetic,en,windows-cloning/vibevoice_7b_cuda_p2.wav,,,,,windows-cloning,vibevoice_7b_cuda_p2.wav,vibevoice_7b,cloning,2,scores_csv,,0.0,-4.262397522917231,-55.978618105010334,6.159480493056549,2.0183919307991496,4.266666666666667,0.5225653206650831,220,0,ok,
synthetic,en,windows-cloning/vibevoice_7b_cuda_p3.wav,,,,,windows-cloning,vibevoice_7b_cuda_p3.wav,vibevoice_7b,cloning,3,scores_csv,,0.0909,-8.127029040855154,-41.81449894009767,14.764249665863638,4.347273079449513,16.0,0.5924764890282131,945,0,ok,
synthetic,en,windows-cloning/vibevoice_7b_cuda_p4.wav,,,,,windows-cloning,vibevoice_7b_cuda_p4.wav,vibevoice_7b,cloning,4,scores_csv,,0.1111,0.22952356636439605,-30.65848249228218,10.137221278613438,3.4930749917992463,7.866666666666666,0.4199743918053777,328,0,ok,
synthetic,en,windows-default/vibevoice_7b_cuda_p1.wav,,,,,windows-default,vibevoice_7b_cuda_p1.wav,vibevoice_7b,default,1,scores_csv,,0.0,-3.172039282494877,72.43061293239815,9.60220407301579,3.1345488320994956,2.2666666666666666,0.6018099547511312,133,0,ok,
synthetic,en,windows-default/vibevoice_7b_cuda_p2.wav,,,,,windows-default,vibevoice_7b_cuda_p2.wav,vibevoice_7b,default,2,scores_csv,,0.0526,-8.394194966083568,-18.97727666374626,10.731219336371382,3.1890196664194126,4.266666666666667,0.49643705463182897,209,0,ok,
synthetic,en,windows-default/vibevoice_7b_cuda_p3.wav,,,,,windows-default,vibevoice_7b_cuda_p3.wav,vibevoice_7b,default,3,scores_csv,,0.2424,-5.317059999019636,-33.85752813310204,8.076382824458273,2.8344726709992147,17.866666666666667,0.571027512633352,1017,0,ok,
synthetic,en,windows-default/vibevoice_7b_cuda_p4.wav,,,,,windows-default,vibevoice_7b_cuda_p4.wav,vibevoice_7b,default,4,scores_csv,,0.1111,-8.70495373660065,-16.408287124677173,12.879536421021392,4.017157523910542,8.666666666666666,0.37630662020905925,324,0,ok,
synthetic,en,windows-cloning/voxcpm_cpu_p1.wav,,,,,windows-cloning,voxcpm_cpu_p1.wav,voxcpm,cloning,1,scores_csv,,0.0,-14.66644115501498,-47.18107473979935,14.771875051158496,4.986965036600408,2.08,0.6945812807881774,141,0,ok,
synthetic,en,windows-cloning/voxcpm_cpu_p2.wav,,,,,windows-cloning,voxcpm_cpu_p2.wav,voxcpm,cloning,2,scores_csv,,0.0,-6.474118098653252,1.4705681207118517,13.953413731260602,4.44575914795873,4.64,0.42483660130718953,195,0,ok,
synthetic,en,windows-cloning/voxcpm_cpu_p3.wav,,,,,windows-cloning,voxcpm_cpu_p3.wav,voxcpm,cloning,3,scores_csv,,0.1515,-2.7546545479338933,-3.636909286955944,12.532429431281678,3.901346599475948,13.92,0.5919250180245134,821,1,ok,
synthetic,en,windows-cloning/voxcpm_cpu_p4.wav,,,,,windows-cloning,voxcpm_cpu_p4.wav,voxcpm,cloning,4,scores_csv,,0.1111,-2.6332201585423136,18.751894107095858,6.0077219644072715,1.783561253594245,7.04,0.5507868383404864,385,0,ok,
synthetic,en,windows-cloning/voxcpm_cuda_p1.wav,,,,,windows-cloning,voxcpm_cuda_p1.wav,voxcpm,cloning,1,scores_csv,,0.0,-8.62940102356193,-102.85119490272835,20.741139694861275,6.676553739679613,2.88,0.568904593639576,161,2,ok,
synthetic,en,windows-cloning/voxcpm_cuda_p2.wav,,,,,windows-cloning,voxcpm_cuda_p2.wav,voxcpm,cloning,2,scores_csv,,0.0,-0.3216993332248991,8.874920246005281,9.580612555103517,3.7540978992712777,4.8,0.43157894736842106,205,0,ok,
synthetic,en,windows-cloning/voxcpm_cuda_p3.wav,,,,,windows-cloning,voxcpm_cuda_p3.wav,voxcpm,cloning,3,scores_csv,,0.0909,-3.410251888423185,-14.60649390552903,10.561621845437768,3.440328356979981,13.6,0.6302583025830258,854,0,ok,
synthetic,en,windows-cloning/voxcpm_cuda_p4.wav,,,,,windows-cloning,voxcpm_cuda_p4.wav,voxcpm,cloning,4,scores_csv,,0.1111,-1.288137811574296,15.021672918328331,12.74299296245544,3.9395430181807303,7.84,0.3940949935815148,307,1,ok,
synthetic,en,windows-default/voxcpm_cpu_p1.wav,,,,,windows-default,voxcpm_cpu_p1.wav,voxcpm,default,1,scores_csv,,0.0,-1.0139763239664645,44.91388750833789,11.473129733167443,3.212083351414516,3.36,0.7177177177177178,239,0,ok,
synthetic,en,windows-default/voxcpm_cpu_p2.wav,,,,,windows-default,voxcpm_cpu_p2.wav,voxcpm,default,2,scores_csv,,0.0,-7.002691097303099,-7.0135444488488154,13.188394392122039,5.087846751027445,4.48,0.4282511210762332,191,1,ok,
synthetic,en,windows-default/voxcpm_cpu_p3.wav,,,,,windows-default,voxcpm_cpu_p3.wav,voxcpm,default,3,scores_csv,,0.0606,-0.9429122660028398,-10.11232005862656,7.70863856490524,2.4760367572063497,16.32,0.6967464702271332,1135,0,ok,
synthetic,en,windows-default/voxcpm_cpu_p4.wav,,,,,windows-default,voxcpm_cpu_p4.wav,voxcpm,default,4,scores_csv,,0.1667,-2.8971125523255385,-42.16799444896284,15.999402141969085,5.564282572822301,7.04,0.14878397711015737,104,0,ok,
synthetic,en,windows-default/voxcpm_cuda_p1.wav,,,,,windows-default,voxcpm_cuda_p1.wav,voxcpm,default,1,scores_csv,,0.0,-4.312265629196078,-11.631397118435505,12.940925257065254,4.583446276774323,2.88,0.4911660777385159,139,0,ok,
synthetic,en,windows-default/voxcpm_cuda_p2.wav,,,,,windows-default,voxcpm_cuda_p2.wav,voxcpm,default,2,scores_csv,,0.0,4.070767671109864,59.40541956785178,17.89351445886461,5.789791064035942,4.32,0.39485981308411217,169,0,ok,
synthetic,en,windows-default/voxcpm_cuda_p3.wav,,,,,windows-default,voxcpm_cuda_p3.wav,voxcpm,default,3,scores_csv,,0.0606,-0.47206386588750415,-13.916610546477116,7.662794996979473,2.650621906113074,18.24,0.6809445359692476,1240,0,ok,
synthetic,en,windows-default/voxcpm_cuda_p4.wav,,,,,windows-default,voxcpm_cuda_p4.wav,voxcpm,default,4,scores_csv,,0.0556,-6.000388155571812,-7.112997296359845,12.93011492591455,3.814084974288031,7.2,0.31608391608391606,226,0,ok,
synthetic,en,2026-06-28_0952/wavtts_cuda_p1.wav,,,,,2026-06-28_0952,wavtts_cuda_p1.wav,wavtts,unknown,1,filename_fallback,,,-5.204362086794222,-42.12617941815318,8.695070576844119,2.3438770724974436,1.9091875,0.8702702702702703,161,0,ok,
synthetic,en,2026-06-28_0952/wavtts_cuda_p2.wav,,,,,2026-06-28_0952,wavtts_cuda_p2.wav,wavtts,unknown,2,filename_fallback,,,-0.9011784647340357,34.2753530775859,8.834498606068191,2.786068712266032,4.964,0.5784114052953157,284,0,ok,
synthetic,en,2026-06-28_0952/wavtts_cuda_p3.wav,,,,,2026-06-28_0952,wavtts_cuda_p3.wav,wavtts,unknown,3,filename_fallback,,,-3.2450183281184266,-10.34451727884865,7.589370162138118,2.6819843415635995,13.5964375,0.7178729689807977,972,0,ok,
synthetic,en,2026-06-28_0952/wavtts_cuda_p4.wav,,,,,2026-06-28_0952,wavtts_cuda_p4.wav,wavtts,unknown,4,filename_fallback,,,-6.4450110620314485,-15.445803062881195,8.378115967608144,3.002883177821187,5.2913125,0.5305343511450382,278,0,ok,
synthetic,en,windows-cloning/wavtts_cuda_p1.wav,,,,,windows-cloning,wavtts_cuda_p1.wav,wavtts,cloning,1,scores_csv,,0.2857,-5.204362086794222,-42.12617941815318,8.695070576844119,2.3438770724974436,1.9091875,0.8702702702702703,161,0,ok,
synthetic,en,windows-cloning/wavtts_cuda_p2.wav,,,,,windows-cloning,wavtts_cuda_p2.wav,wavtts,cloning,2,scores_csv,,0.1053,-0.9011784647340357,34.2753530775859,8.834498606068191,2.786068712266032,4.964,0.5784114052953157,284,0,ok,
synthetic,en,windows-cloning/wavtts_cuda_p3.wav,,,,,windows-cloning,wavtts_cuda_p3.wav,wavtts,cloning,3,scores_csv,,0.2727,-3.2450183281184266,-10.34451727884865,7.589370162138118,2.6819843415635995,13.5964375,0.7178729689807977,972,0,ok,
synthetic,en,windows-cloning/wavtts_cuda_p4.wav,,,,,windows-cloning,wavtts_cuda_p4.wav,wavtts,cloning,4,scores_csv,,0.1667,-6.4450110620314485,-15.445803062881195,8.378115967608144,3.002883177821187,5.2913125,0.5305343511450382,278,0,ok,
synthetic,en,windows-cloning/zipvoice_cpu_p1.wav,,,,,windows-cloning,zipvoice_cpu_p1.wav,zipvoice,cloning,1,scores_csv,,0.0,-1.934048492524179,-2.4659275695537297,3.8433262163774664,1.16323726736392,2.337,0.868421052631579,198,0,ok,
synthetic,en,windows-cloning/zipvoice_cpu_p2.wav,,,,,windows-cloning,zipvoice_cpu_p2.wav,zipvoice,cloning,2,scores_csv,,0.0,-0.6889888883445734,-27.527201711312365,12.946025870289157,4.193332444355652,7.874,0.33248081841432225,260,0,ok,
synthetic,en,windows-cloning/zipvoice_cpu_p3.wav,,,,,windows-cloning,zipvoice_cpu_p3.wav,zipvoice,cloning,3,scores_csv,,0.1212,6.394103116074434,-37.56240184126036,11.462886227155428,4.021107217872488,25.445,0.5624261520283577,1428,0,ok,
synthetic,en,windows-cloning/zipvoice_cpu_p4.wav,,,,,windows-cloning,zipvoice_cpu_p4.wav,zipvoice,cloning,4,scores_csv,,0.1111,-2.850954155631455,-42.760453486293834,9.574584894348947,2.975012713147857,9.141,0.4367436743674367,397,0,ok,
synthetic,en,windows-cloning/zipvoice_cuda_p1.wav,,,,,windows-cloning,zipvoice_cuda_p1.wav,zipvoice,cloning,1,scores_csv,,0.0,-6.701626894435332,-0.792935440214973,8.378456145703723,2.4511803943915464,2.497,0.8647540983606558,211,0,ok,
synthetic,en,windows-cloning/zipvoice_cuda_p4.wav,,,,,windows-cloning,zipvoice_cuda_p4.wav,zipvoice,cloning,4,scores_csv,,0.1111,-2.72561200070249,-21.349331367216084,11.955607207360693,3.922210152314958,9.081,0.4894795127353267,442,0,ok,
synthetic,en,windows-default/zipvoice_cpu_p1.wav,,,,,windows-default,zipvoice_cpu_p1.wav,zipvoice,default,1,scores_csv,,0.0,-3.180599264459037,-5.957564828386302,6.757991074039595,2.050161142532031,2.717,0.8646616541353384,230,0,ok,
synthetic,en,windows-default/zipvoice_cpu_p3.wav,,,,,windows-default,zipvoice_cpu_p3.wav,zipvoice,default,3,scores_csv,,0.2727,-2.5401480197461392,-39.331452392713906,9.863844918567498,3.269423418548295,25.365,0.5839589095219281,1478,0,ok,
synthetic,en,windows-default/zipvoice_cpu_p4.wav,,,,,windows-default,zipvoice_cpu_p4.wav,zipvoice,default,4,scores_csv,,0.1111,-3.3553981723908004,-25.10154626149882,8.745674760266288,3.4613198894349733,9.011,0.48549107142857145,435,1,ok,
synthetic,en,windows-default/zipvoice_cuda_p1.wav,,,,,windows-default,zipvoice_cuda_p1.wav,zipvoice,default,1,scores_csv,,0.0,-5.4717826459355,-35.12708265574367,8.136231126534986,2.5379407549806188,2.497,0.8278688524590164,202,0,ok,
synthetic,en,windows-default/zipvoice_cuda_p2.wav,,,,,windows-default,zipvoice_cuda_p2.wav,zipvoice,default,2,scores_csv,,0.0,-0.8180928788985596,28.973602158025724,11.073481352257595,3.5079602314463187,8.054,0.505,404,0,ok,
synthetic,en,windows-default/zipvoice_cuda_p4.wav,,,,,windows-default,zipvoice_cuda_p4.wav,zipvoice,default,4,scores_csv,,0.1111,-8.485823803114531,-66.81943812087637,11.850219866308901,3.6504493663786413,9.031,0.49888641425389757,448,0,ok,
synthetic,en,2026-05-30_2241/zonos_cpu_p1.wav,,,,,2026-05-30_2241,zonos_cpu_p1.wav,zonos,unknown,1,filename_fallback,,,-3.372736150373177,-66.50497397425676,11.110846647230957,3.231549768636417,2.403265306122449,0.625531914893617,147,0,ok,
synthetic,en,2026-05-30_2241/zonos_cpu_p2.wav,,,,,2026-05-30_2241,zonos_cpu_p2.wav,zonos,unknown,2,filename_fallback,,,-1.683526915422515,-22.820634989966248,14.635200274059166,4.0542476904583316,5.723718820861678,0.35802469135802467,203,0,ok,
synthetic,en,2026-05-30_2241/zonos_cpu_p3.wav,,,,,2026-05-30_2241,zonos_cpu_p3.wav,zonos,unknown,3,filename_fallback,,,-1.1544185899865131,-5.3364195454719985,10.539472188845384,3.2029547167507064,18.123174603174604,0.4582180409518539,828,0,ok,
synthetic,en,2026-05-30_2241/zonos_cpu_p4.wav,,,,,2026-05-30_2241,zonos_cpu_p4.wav,zonos,unknown,4,filename_fallback,,,2.1263437743377462,10.909233826220037,12.4195693217782,4.480445770312863,6.315827664399093,0.48881789137380194,306,0,ok,
synthetic,en,2026-05-30_2241/zonos_cuda_p1.wav,,,,,2026-05-30_2241,zonos_cuda_p1.wav,zonos,unknown,1,filename_fallback,,,-6.1137423237705395,-1.8755097340554838,9.991431568299802,3.254038933916488,2.4380952380952383,0.6428571428571429,153,0,ok,
synthetic,en,2026-05-30_2241/zonos_cuda_p2.wav,,,,,2026-05-30_2241,zonos_cuda_p2.wav,zonos,unknown,2,filename_fallback,,,-2.888765070064054,12.876568208693623,9.657118305715692,3.0675355614460367,5.712108843537415,0.4028268551236749,228,0,ok,
synthetic,en,2026-05-30_2241/zonos_cuda_p3.wav,,,,,2026-05-30_2241,zonos_cuda_p3.wav,zonos,unknown,3,filename_fallback,,,-0.7062955303559514,0.13960991779369664,9.763852174779032,2.844437759324424,18.088344671201813,0.50471436494731,910,0,ok,
synthetic,en,2026-05-30_2241/zonos_cuda_p4.wav,,,,,2026-05-30_2241,zonos_cuda_p4.wav,zonos,unknown,4,filename_fallback,,,-5.264232632614087,7.8357610031960645,8.620761693472595,2.6191208324030417,6.327437641723356,0.4178628389154705,262,0,ok,
synthetic,en,2026-05-30_2330/zonos_cpu_p1.wav,,,,,2026-05-30_2330,zonos_cpu_p1.wav,zonos,unknown,1,filename_fallback,,,-3.986535249076885,-25.235028497427283,12.391854778299177,3.673234960171688,2.414875283446712,0.4872881355932203,115,0,ok,
synthetic,en,2026-05-30_2330/zonos_cpu_p2.wav,,,,,2026-05-30_2330,zonos_cpu_p2.wav,zonos,unknown,2,filename_fallback,,,-1.3214766559461288,-4.82230415038771,9.755798513713014,3.6670870511833025,5.735328798185941,0.43309859154929575,246,0,ok,
synthetic,en,2026-05-30_2330/zonos_cpu_p3.wav,,,,,2026-05-30_2330,zonos_cpu_p3.wav,zonos,unknown,3,filename_fallback,,,-1.021863632495157,-34.58731588393125,7.505109914433332,2.0276034458090613,17.98385487528345,0.5761293920803123,1033,0,ok,
synthetic,en,2026-05-30_2330/zonos_cpu_p4.wav,,,,,2026-05-30_2330,zonos_cpu_p4.wav,zonos,unknown,4,filename_fallback,,,-8.0885573605149,-22.960421401042186,12.397801879181547,3.5519696278677526,6.339047619047619,0.46496815286624205,292,0,ok,
synthetic,en,2026-05-30_2330/zonos_cuda_p1.wav,,,,,2026-05-30_2330,zonos_cuda_p1.wav,zonos,unknown,1,filename_fallback,,,-2.3904793954025583,-57.01817190844064,9.291200331689769,2.8996323209610497,2.3336054421768706,0.6491228070175439,148,0,ok,
synthetic,en,2026-05-30_2330/zonos_cuda_p2.wav,,,,,2026-05-30_2330,zonos_cuda_p2.wav,zonos,unknown,2,filename_fallback,,,-4.844976575424982,-35.2961498524275,10.753548137510176,3.5362925087078345,5.723718820861678,0.3315696649029982,188,0,ok,
synthetic,en,2026-05-30_2330/zonos_cuda_p3.wav,,,,,2026-05-30_2330,zonos_cuda_p3.wav,zonos,unknown,3,filename_fallback,,,-0.7942445791654797,-10.964038714524028,9.856989553550193,2.9909331055358694,17.670385487528346,0.52894438138479,932,0,ok,
synthetic,en,2026-05-30_2330/zonos_cuda_p4.wav,,,,,2026-05-30_2330,zonos_cuda_p4.wav,zonos,unknown,4,filename_fallback,,,-0.24638932668148908,-13.336670665264132,13.10768866779114,3.967738000039166,6.373877551020408,0.37816455696202533,239,0,ok,
synthetic,en,2026-05-31_0010/zonos_cpu_p1.wav,,,,,2026-05-31_0010,zonos_cpu_p1.wav,zonos,unknown,1,filename_fallback,,,-3.372736150373177,-66.50497397425676,11.110846647230957,3.231549768636417,2.403265306122449,0.625531914893617,147,0,ok,
synthetic,en,2026-05-31_0010/zonos_cpu_p2.wav,,,,,2026-05-31_0010,zonos_cpu_p2.wav,zonos,unknown,2,filename_fallback,,,-1.683526915422515,-22.820634989966248,14.635200274059166,4.0542476904583316,5.723718820861678,0.35802469135802467,203,0,ok,
synthetic,en,2026-05-31_0010/zonos_cpu_p3.wav,,,,,2026-05-31_0010,zonos_cpu_p3.wav,zonos,unknown,3,filename_fallback,,,-1.1544185899865131,-5.3364195454719985,10.539472188845384,3.2029547167507064,18.123174603174604,0.4582180409518539,828,0,ok,
synthetic,en,2026-05-31_0010/zonos_cpu_p4.wav,,,,,2026-05-31_0010,zonos_cpu_p4.wav,zonos,unknown,4,filename_fallback,,,2.1263437743377462,10.909233826220037,12.4195693217782,4.480445770312863,6.315827664399093,0.48881789137380194,306,0,ok,
synthetic,en,windows-cloning/zonos_cpu_p1.wav,,,,,windows-cloning,zonos_cpu_p1.wav,zonos,cloning,1,scores_csv,,0.2857,-3.986535249076885,-25.235028497427283,12.391854778299177,3.673234960171688,2.414875283446712,0.4872881355932203,115,0,ok,
synthetic,en,windows-cloning/zonos_cpu_p2.wav,,,,,windows-cloning,zonos_cpu_p2.wav,zonos,cloning,2,scores_csv,,0.0526,-1.3214766559461288,-4.82230415038771,9.755798513713014,3.6670870511833025,5.735328798185941,0.43309859154929575,246,0,ok,
synthetic,en,windows-cloning/zonos_cpu_p3.wav,,,,,windows-cloning,zonos_cpu_p3.wav,zonos,cloning,3,scores_csv,,0.2121,-1.021863632495157,-34.58731588393125,7.505109914433332,2.0276034458090613,17.98385487528345,0.5761293920803123,1033,0,ok,
synthetic,en,windows-cloning/zonos_cpu_p4.wav,,,,,windows-cloning,zonos_cpu_p4.wav,zonos,cloning,4,scores_csv,,0.1111,-8.0885573605149,-22.960421401042186,12.397801879181547,3.5519696278677526,6.339047619047619,0.46496815286624205,292,0,ok,
synthetic,en,windows-cloning/zonos_cuda_p1.wav,,,,,windows-cloning,zonos_cuda_p1.wav,zonos,cloning,1,scores_csv,,0.0,-2.3904793954025583,-57.01817190844064,9.291200331689769,2.8996323209610497,2.3336054421768706,0.6491228070175439,148,0,ok,
synthetic,en,windows-cloning/zonos_cuda_p2.wav,,,,,windows-cloning,zonos_cuda_p2.wav,zonos,cloning,2,scores_csv,,0.0,-4.844976575424982,-35.2961498524275,10.753548137510176,3.5362925087078345,5.723718820861678,0.3315696649029982,188,0,ok,
synthetic,en,windows-cloning/zonos_cuda_p4.wav,,,,,windows-cloning,zonos_cuda_p4.wav,zonos,cloning,4,scores_csv,,0.1111,-0.24638932668148908,-13.336670665264132,13.10768866779114,3.967738000039166,6.373877551020408,0.37816455696202533,239,0,ok,
synthetic,en,windows-default/zonos_cpu_p1.wav,,,,,windows-default,zonos_cpu_p1.wav,zonos,default,1,scores_csv,,0.2857,-3.372736150373177,-66.50497397425676,11.110846647230957,3.231549768636417,2.403265306122449,0.625531914893617,147,0,ok,
synthetic,en,windows-default/zonos_cpu_p2.wav,,,,,windows-default,zonos_cpu_p2.wav,zonos,default,2,scores_csv,,0.0,-1.683526915422515,-22.820634989966248,14.635200274059166,4.0542476904583316,5.723718820861678,0.35802469135802467,203,0,ok,
synthetic,en,windows-default/zonos_cpu_p4.wav,,,,,windows-default,zonos_cpu_p4.wav,zonos,default,4,scores_csv,,0.1667,2.1263437743377462,10.909233826220037,12.4195693217782,4.480445770312863,6.315827664399093,0.48881789137380194,306,0,ok,
synthetic,en,windows-default/zonos_cuda_p1.wav,,,,,windows-default,zonos_cuda_p1.wav,zonos,default,1,scores_csv,,0.0,-6.1137423237705395,-1.8755097340554838,9.991431568299802,3.254038933916488,2.4380952380952383,0.6428571428571429,153,0,ok,
synthetic,en,windows-default/zonos_cuda_p2.wav,,,,,windows-default,zonos_cuda_p2.wav,zonos,default,2,scores_csv,,0.4737,-2.888765070064054,12.876568208693623,9.657118305715692,3.0675355614460367,5.712108843537415,0.4028268551236749,228,0,ok,
synthetic,en,windows-default/zonos_cuda_p4.wav,,,,,windows-default,zonos_cuda_p4.wav,zonos,default,4,scores_csv,,0.1111,-5.264232632614087,7.8357610031960645,8.620761693472595,2.6191208324030417,6.327437641723356,0.4178628389154705,262,0,ok,
synthetic,fr,windows-cloning/coqui_cuda_p5.wav,,,,,windows-cloning,coqui_cuda_p5.wav,coqui,cloning,5,scores_csv,,0.0,-7.533597767338738,-35.43623114103918,10.15009498111986,3.1626615460208356,3.3393333333333333,0.6524390243902439,214,0,ok,
synthetic,fr,windows-default/coqui_cpu_p5.wav,,,,,windows-default,coqui_cpu_p5.wav,coqui,default,5,scores_csv,,0.0,0.38174796618314877,-27.795638109558325,6.614714305329479,2.25977176271679,3.6593333333333335,0.6814404432132964,246,0,ok,
synthetic,fr,windows-default/coqui_cuda_p5.wav,,,,,windows-default,coqui_cuda_p5.wav,coqui,default,5,scores_csv,,0.0,-1.0914843273001782,-60.36585797574557,9.75780007888693,2.978064532625067,5.152666666666667,0.5616438356164384,287,0,ok,
synthetic,fr,2026-05-30_2241/fish_15_cpu_p5.wav,,,,,2026-05-30_2241,fish_15_cpu_p5.wav,fish_15,unknown,5,filename_fallback,,,-8.717789910666554,-27.207702806481922,10.166637162400367,3.1913829417763204,6.0836281179138325,0.7661691542288557,462,0,ok,
synthetic,fr,2026-05-30_2241/fish_15_cuda_p5.wav,,,,,2026-05-30_2241,fish_15_cuda_p5.wav,fish_15,unknown,5,filename_fallback,,,-2.752106233860125,-2.57252610497726,5.184257699605597,1.4006860543239994,4.4117913832199545,0.7844036697247706,342,0,ok,
synthetic,fr,2026-05-30_2330/fish_15_cpu_p5.wav,,,,,2026-05-30_2330,fish_15_cpu_p5.wav,fish_15,unknown,5,filename_fallback,,,-5.569011598174378,-10.284677469895597,9.35684591135811,2.7181814674199063,5.758548752834467,0.7929824561403509,452,0,ok,
synthetic,fr,2026-05-30_2330/fish_15_cuda_p5.wav,,,,,2026-05-30_2330,fish_15_cuda_p5.wav,fish_15,unknown,5,filename_fallback,,,-8.427449753731258,-21.27363624612643,11.472570504216915,3.1030280123468366,4.133151927437642,0.7867647058823529,321,0,ok,
synthetic,fr,windows-cloning/fish_15_cpu_p5.wav,,,,,windows-cloning,fish_15_cpu_p5.wav,fish_15,cloning,5,scores_csv,,0.0,-5.569011598174378,-10.284677469895597,9.35684591135811,2.7181814674199063,5.758548752834467,0.7929824561403509,452,0,ok,
synthetic,fr,windows-cloning/fish_15_cuda_p5.wav,,,,,windows-cloning,fish_15_cuda_p5.wav,fish_15,cloning,5,scores_csv,,0.1333,-8.427449753731258,-21.27363624612643,11.472570504216915,3.1030280123468366,4.133151927437642,0.7867647058823529,321,0,ok,
synthetic,fr,windows-default/fish_15_cpu_p5.wav,,,,,windows-default,fish_15_cpu_p5.wav,fish_15,default,5,scores_csv,,0.0,-8.717789910666554,-27.207702806481922,10.166637162400367,3.1913829417763204,6.0836281179138325,0.7661691542288557,462,0,ok,
synthetic,fr,windows-default/fish_15_cuda_p5.wav,,,,,windows-default,fish_15_cuda_p5.wav,fish_15,default,5,scores_csv,,0.0,-2.752106233860125,-2.57252610497726,5.184257699605597,1.4006860543239994,4.4117913832199545,0.7844036697247706,342,0,ok,
synthetic,fr,windows-default/kokoro_cpu_p5.wav,,,,,windows-default,kokoro_cpu_p5.wav,kokoro,default,5,scores_csv,,0.0,-3.901510953564706,-32.859655189418255,9.004674662544767,2.7476396465055974,5.05,0.6215139442231076,312,0,ok,
synthetic,fr,windows-default/kokoro_cuda_p5.wav,,,,,windows-default,kokoro_cuda_p5.wav,kokoro,default,5,scores_csv,,0.0,-3.840735323196617,-32.57987304527222,9.145315092488277,2.7572031202735365,5.05,0.6195219123505976,311,0,ok,
synthetic,fr,2026-05-25_0505/magpie_cpu_p5.wav,,,,,2026-05-25_0505,magpie_cpu_p5.wav,magpie,unknown,5,filename_fallback,,,-2.058619445288221,-44.76367823979646,8.868607056739354,2.6229516102835126,7.244625850340136,0.45555555555555555,328,0,ok,
synthetic,fr,2026-05-25_0505/magpie_cuda_p5.wav,,,,,2026-05-25_0505,magpie_cuda_p5.wav,magpie,unknown,5,filename_fallback,,,-2.226564636103158,-27.336721004955095,8.919702190602624,3.0607926403964334,6.408707482993197,0.5125786163522013,326,2,ok,
synthetic,fr,windows-default/magpie_cpu_p5.wav,,,,,windows-default,magpie_cpu_p5.wav,magpie,default,5,scores_csv,,0.0,-2.058619445288221,-44.76367823979646,8.868607056739354,2.6229516102835126,7.244625850340136,0.45555555555555555,328,0,ok,
synthetic,fr,windows-default/magpie_cuda_p5.wav,,,,,windows-default,magpie_cuda_p5.wav,magpie,default,5,scores_csv,,0.0,-2.226564636103158,-27.336721004955095,8.919702190602624,3.0607926403964334,6.408707482993197,0.5125786163522013,326,2,ok,
synthetic,fr,2026-06-15_1416/melotts_cpu_p5.wav,,,,,2026-06-15_1416,melotts_cpu_p5.wav,melotts,unknown,5,filename_fallback,,,-2.092084511691065,-27.795551007054826,6.363414231674009,1.9402356238637897,4.51984126984127,0.623608017817372,280,0,ok,
synthetic,fr,2026-06-15_1416/melotts_cuda_p5.wav,,,,,2026-06-15_1416,melotts_cuda_p5.wav,melotts,unknown,5,filename_fallback,,,-2.982339971208121,-18.564205160698897,5.969781755062179,1.8904724827689674,4.589501133786848,0.6140350877192983,280,0,ok,
synthetic,fr,windows-default/melotts_cpu_p5.wav,,,,,windows-default,melotts_cpu_p5.wav,melotts,default,5,scores_csv,,0.0,-2.092084511691065,-27.795551007054826,6.363414231674009,1.9402356238637897,4.51984126984127,0.623608017817372,280,0,ok,
synthetic,fr,windows-default/melotts_cuda_p5.wav,,,,,windows-default,melotts_cuda_p5.wav,melotts,default,5,scores_csv,,0.0,-2.982339971208121,-18.564205160698897,5.969781755062179,1.8904724827689674,4.589501133786848,0.6140350877192983,280,0,ok,
synthetic,fr,2026-05-25_0037/moss_tts_cuda_p5.wav,,,,,2026-05-25_0037,moss_tts_cuda_p5.wav,moss_tts,unknown,5,filename_fallback,,,0.08365434641840314,-11.186723042549431,4.53972453409493,1.5665528373860582,4.8,0.7242105263157895,344,0,ok,
synthetic,fr,2026-05-25_0102/moss_tts_cuda_p5.wav,,,,,2026-05-25_0102,moss_tts_cuda_p5.wav,moss_tts,unknown,5,filename_fallback,,,-5.655153544045855,-47.08384160730542,9.285798746803884,3.266406122144015,3.92,0.8191214470284238,317,0,ok,
synthetic,fr,2026-06-07_2331/moss_tts_cuda_p5.wav,,,,,2026-06-07_2331,moss_tts_cuda_p5.wav,moss_tts,unknown,5,filename_fallback,,,-5.694262964668603,-27.03770331303353,9.4860377661927,2.854355874636794,5.68,0.6536412078152753,368,0,ok,
synthetic,fr,2026-06-07_2334/moss_tts_cuda_p5.wav,,,,,2026-06-07_2334,moss_tts_cuda_p5.wav,moss_tts,unknown,5,filename_fallback,,,-8.83600032989647,-12.404555837195508,10.14329560036549,3.363202176907452,3.76,0.7621621621621621,282,0,ok,
synthetic,fr,_preserved_moss_tts_v1.0/linux-cloning/moss_tts_cuda_p5.wav,,,,,_preserved_moss_tts_v1.0,moss_tts_cuda_p5.wav,moss_tts,cloning,5,filename_fallback,,,-3.1149969950826604,45.54033771637022,11.63939640702678,3.390579101614128,5.2,0.7029126213592233,362,0,ok,
synthetic,fr,_preserved_moss_tts_v1.0/linux-default/moss_tts_cuda_p5.wav,,,,,_preserved_moss_tts_v1.0,moss_tts_cuda_p5.wav,moss_tts,default,5,filename_fallback,,,-2.1307665757507435,-10.290223507239169,6.206186110079402,1.9127063507962654,4.08,0.7741935483870968,312,0,ok,
synthetic,fr,_preserved_moss_tts_v1.0/windows-cloning/moss_tts_cuda_p5.wav,,,,,_preserved_moss_tts_v1.0,moss_tts_cuda_p5.wav,moss_tts,cloning,5,filename_fallback,,,-5.655153544045855,-47.08384160730542,9.285798746803884,3.266406122144015,3.92,0.8191214470284238,317,0,ok,
synthetic,fr,_preserved_moss_tts_v1.0/windows-default/moss_tts_cuda_p5.wav,,,,,_preserved_moss_tts_v1.0,moss_tts_cuda_p5.wav,moss_tts,default,5,filename_fallback,,,0.08365434641840314,-11.186723042549431,4.53972453409493,1.5665528373860582,4.8,0.7242105263157895,344,0,ok,
synthetic,fr,windows-cloning/moss_tts_cuda_p5.wav,,,,,windows-cloning,moss_tts_cuda_p5.wav,moss_tts,cloning,5,scores_csv,,0.0,-5.655153544045855,-47.08384160730542,9.285798746803884,3.266406122144015,3.92,0.8191214470284238,317,0,ok,
synthetic,fr,windows-default/moss_tts_cuda_p5.wav,,,,,windows-default,moss_tts_cuda_p5.wav,moss_tts,default,5,scores_csv,,0.0,0.08365434641840314,-11.186723042549431,4.53972453409493,1.5665528373860582,4.8,0.7242105263157895,344,0,ok,
synthetic,fr,2026-05-25_0037/moss_tts_nano_cpu_p5.wav,,,,,2026-05-25_0037,moss_tts_nano_cpu_p5.wav,moss_tts_nano,unknown,5,filename_fallback,,,-10.132219920881731,-11.317105089286276,10.351001312034267,3.226407558389906,4.16,0.7396593673965937,304,0,ok,
synthetic,fr,2026-05-25_0037/moss_tts_nano_cuda_p5.wav,,,,,2026-05-25_0037,moss_tts_nano_cuda_p5.wav,moss_tts_nano,unknown,5,filename_fallback,,,-9.33561525918578,-9.479691351981414,13.465032885121431,4.130034257879871,6.48,0.6034214618973561,388,0,ok,
synthetic,fr,2026-05-25_0102/moss_tts_nano_cpu_p5.wav,,,,,2026-05-25_0102,moss_tts_nano_cpu_p5.wav,moss_tts_nano,unknown,5,filename_fallback,,,-2.4516410539360995,5.9310016998292285,9.17101734570784,2.5665110759186147,5.2,0.8213592233009709,423,0,ok,
synthetic,fr,2026-05-25_0102/moss_tts_nano_cuda_p5.wav,,,,,2026-05-25_0102,moss_tts_nano_cuda_p5.wav,moss_tts_nano,unknown,5,filename_fallback,,,-3.1265195233210106,-30.386978400371802,6.988471697168964,1.9726883468495922,4.08,0.6129032258064516,247,0,ok,
synthetic,fr,windows-cloning/moss_tts_nano_cuda_p5.wav,,,,,windows-cloning,moss_tts_nano_cuda_p5.wav,moss_tts_nano,cloning,5,scores_csv,,0.1333,-3.1265195233210106,-30.386978400371802,6.988471697168964,1.9726883468495922,4.08,0.6129032258064516,247,0,ok,
synthetic,fr,windows-default/moss_tts_nano_cpu_p5.wav,,,,,windows-default,moss_tts_nano_cpu_p5.wav,moss_tts_nano,default,5,scores_csv,,0.2667,-10.132219920881731,-11.317105089286276,10.351001312034267,3.226407558389906,4.16,0.7396593673965937,304,0,ok,
synthetic,fr,windows-default/moss_tts_nano_cuda_p5.wav,,,,,windows-default,moss_tts_nano_cuda_p5.wav,moss_tts_nano,default,5,scores_csv,,0.2,-9.33561525918578,-9.479691351981414,13.465032885121431,4.130034257879871,6.48,0.6034214618973561,388,0,ok,
synthetic,fr,_moss_v15_vs_v10_AB/cloning_p5_v1.0.wav,,,,,_moss_v15_vs_v10_AB,cloning_p5_v1.0.wav,moss_tts_v1.0,cloning,5,filename_fallback,,,-5.655153544045855,-47.08384160730542,9.285798746803884,3.266406122144015,3.92,0.8191214470284238,317,0,ok,
synthetic,fr,_moss_v15_vs_v10_AB/default_p5_v1.0.wav,,,,,_moss_v15_vs_v10_AB,default_p5_v1.0.wav,moss_tts_v1.0,default,5,filename_fallback,,,0.08365434641840314,-11.186723042549431,4.53972453409493,1.5665528373860582,4.8,0.7242105263157895,344,0,ok,
synthetic,fr,_moss_v15_vs_v10_AB/cloning_p5_v1.5.wav,,,,,_moss_v15_vs_v10_AB,cloning_p5_v1.5.wav,moss_tts_v1.5,cloning,5,filename_fallback,,,-8.83600032989647,-12.404555837195508,10.14329560036549,3.363202176907452,3.76,0.7621621621621621,282,0,ok,
synthetic,fr,_moss_v15_vs_v10_AB/default_p5_v1.5.wav,,,,,_moss_v15_vs_v10_AB,default_p5_v1.5.wav,moss_tts_v1.5,default,5,filename_fallback,,,-5.694262964668603,-27.03770331303353,9.4860377661927,2.854355874636794,5.68,0.6536412078152753,368,0,ok,
synthetic,fr,windows-cloning/moss_tts_v15_cuda_p5.wav,,,,,windows-cloning,moss_tts_v15_cuda_p5.wav,moss_tts_v15,cloning,5,scores_csv,,0.0,-8.83600032989647,-12.404555837195508,10.14329560036549,3.363202176907452,3.76,0.7621621621621621,282,0,ok,
synthetic,fr,windows-default/moss_tts_v15_cuda_p5.wav,,,,,windows-default,moss_tts_v15_cuda_p5.wav,moss_tts_v15,default,5,scores_csv,,0.0,-5.694262964668603,-27.03770331303353,9.4860377661927,2.854355874636794,5.68,0.6536412078152753,368,0,ok,
synthetic,fr,2026-06-01_1003/neutts_nano_cpu_p5.wav,,,,,2026-06-01_1003,neutts_nano_cpu_p5.wav,neutts_nano,unknown,5,filename_fallback,,,2.844694670913047,5.603953359158506,10.503590027600056,3.6059197180341647,4.72,0.5160599571734475,241,0,ok,
synthetic,fr,2026-06-01_1003/neutts_nano_cuda_p5.wav,,,,,2026-06-01_1003,neutts_nano_cuda_p5.wav,neutts_nano,unknown,5,filename_fallback,,,0.1543656004743119,58.027341282340586,13.521285508107741,3.637447604652735,5.28,0.7036328871892925,368,0,ok,
synthetic,fr,windows-cloning/neutts_nano_cuda_p5.wav,,,,,windows-cloning,neutts_nano_cuda_p5.wav,neutts_nano,cloning,5,scores_csv,,0.4,0.1543656004743119,58.027341282340586,13.521285508107741,3.637447604652735,5.28,0.7036328871892925,368,0,ok,
synthetic,fr,windows-default/neutts_nano_cpu_p5.wav,,,,,windows-default,neutts_nano_cpu_p5.wav,neutts_nano,default,5,scores_csv,,0.0,-6.820397891906054,-35.545187607405026,13.873456752705199,3.6822591275102496,4.94,0.7046843177189409,346,0,ok,
synthetic,fr,windows-default/neutts_nano_cuda_p5.wav,,,,,windows-default,neutts_nano_cuda_p5.wav,neutts_nano,default,5,scores_csv,,0.0,-9.295980478606005,-33.80004428881923,13.512526639081965,3.920455459356709,6.26,0.6388443017656501,398,0,ok,
synthetic,fr,windows-cloning/omnivoice_cpu_p5.wav,,,,,windows-cloning,omnivoice_cpu_p5.wav,omnivoice,cloning,5,scores_csv,,0.0667,1.1291242459610886,40.75977337715881,5.901916187898738,2.4932981245778247,5.66,0.5882352941176471,330,0,ok,
synthetic,fr,windows-cloning/omnivoice_cuda_p5.wav,,,,,windows-cloning,omnivoice_cuda_p5.wav,omnivoice,cloning,5,scores_csv,,0.0667,-3.312827105900556,3.076984453645862,8.044864923609689,2.5208331655767098,5.83,0.5121107266435986,296,0,ok,
synthetic,fr,windows-default/omnivoice_cpu_p5.wav,,,,,windows-default,omnivoice_cpu_p5.wav,omnivoice,default,5,scores_csv,,0.0,-4.748381233496809,-24.358368610251322,10.4595547728247,3.2651355556432047,4.96,0.659877800407332,324,0,ok,
synthetic,fr,windows-default/omnivoice_cuda_p5.wav,,,,,windows-default,omnivoice_cuda_p5.wav,omnivoice,default,5,scores_csv,,0.0,-3.8175744125965565,-29.258205835541162,10.712655470450365,2.8953187004185725,4.79,0.751578947368421,357,0,ok,
synthetic,fr,2026-05-31_0031/openvoice_cpu_p5.wav,,,,,2026-05-31_0031,openvoice_cpu_p5.wav,openvoice,unknown,5,filename_fallback,,,-5.793792756448441,-25.034775453105883,11.06663588649965,3.252286476813589,4.46984126984127,0.5963718820861678,263,0,ok,
synthetic,fr,2026-05-31_0031/openvoice_cuda_p5.wav,,,,,2026-05-31_0031,openvoice_cuda_p5.wav,openvoice,unknown,5,filename_fallback,,,-1.9975368326259153,-35.437741987678834,10.084238326784982,3.133904710225301,4.46984126984127,0.5736961451247166,253,0,ok,
synthetic,fr,2026-05-31_0034/openvoice_cpu_p5.wav,,,,,2026-05-31_0034,openvoice_cpu_p5.wav,openvoice,unknown,5,filename_fallback,,,-3.0705554063041514,-20.275792320039304,12.631366752659023,3.801075792197545,4.516281179138322,0.6053811659192825,270,0,ok,
synthetic,fr,2026-05-31_0034/openvoice_cuda_p5.wav,,,,,2026-05-31_0034,openvoice_cuda_p5.wav,openvoice,unknown,5,filename_fallback,,,-1.7931149668958506,-24.081456929405753,7.589636111426934,2.4905433802898163,4.527891156462585,0.5950782997762863,266,0,ok,
synthetic,fr,2026-06-02_1224/openvoice_cpu_p5.wav,,,,,2026-06-02_1224,openvoice_cpu_p5.wav,openvoice,unknown,5,filename_fallback,,,-2.583690311675612,-29.82299172654733,10.405896184807878,3.260100434722729,4.609160997732427,0.5538461538461539,252,0,ok,
synthetic,fr,2026-06-02_1224/openvoice_cuda_p5.wav,,,,,2026-06-02_1224,openvoice_cuda_p5.wav,openvoice,unknown,5,filename_fallback,,,-4.521606315137821,-22.138331817694908,9.348797739144338,3.023644656676892,4.562721088435374,0.5299334811529933,239,0,ok,
synthetic,fr,2026-06-02_1227/openvoice_cpu_p5.wav,,,,,2026-06-02_1227,openvoice_cpu_p5.wav,openvoice,unknown,5,filename_fallback,,,-5.016045565596457,-33.68922335924178,11.240035977896822,3.163079446715776,4.423401360544218,0.5766590389016019,252,0,ok,
synthetic,fr,2026-06-02_1227/openvoice_cuda_p5.wav,,,,,2026-06-02_1227,openvoice_cuda_p5.wav,openvoice,unknown,5,filename_fallback,,,-2.896387451701158,-24.83153884813756,10.812827239081214,3.1222514565429464,4.5859410430839,0.5452538631346578,247,0,ok,
synthetic,fr,windows-cloning/openvoice_cpu_p5.wav,,,,,windows-cloning,openvoice_cpu_p5.wav,openvoice,cloning,5,scores_csv,,0.0,-5.016045565596457,-33.68922335924178,11.240035977896822,3.163079446715776,4.423401360544218,0.5766590389016019,252,0,ok,
synthetic,fr,windows-cloning/openvoice_cuda_p5.wav,,,,,windows-cloning,openvoice_cuda_p5.wav,openvoice,cloning,5,scores_csv,,0.0,-2.896387451701158,-24.83153884813756,10.812827239081214,3.1222514565429464,4.5859410430839,0.5452538631346578,247,0,ok,
synthetic,fr,windows-default/openvoice_cpu_p5.wav,,,,,windows-default,openvoice_cpu_p5.wav,openvoice,default,5,scores_csv,,0.0,-2.583690311675612,-29.82299172654733,10.405896184807878,3.260100434722729,4.609160997732427,0.5538461538461539,252,0,ok,
synthetic,fr,windows-default/openvoice_cuda_p5.wav,,,,,windows-default,openvoice_cuda_p5.wav,openvoice,default,5,scores_csv,,0.0,-4.521606315137821,-22.138331817694908,9.348797739144338,3.023644656676892,4.562721088435374,0.5299334811529933,239,0,ok,
synthetic,fr,2026-06-02_2126/outetts_cuda_p5.wav,,,,,2026-06-02_2126,outetts_cuda_p5.wav,outetts,unknown,5,filename_fallback,,,-6.2616990137404756,-25.667435552655377,8.357130616712993,2.463669068638404,3.2663492063492066,0.6853582554517134,220,0,ok,
synthetic,fr,2026-06-02_2133/outetts_cuda_p5.wav,,,,,2026-06-02_2133,outetts_cuda_p5.wav,outetts,unknown,5,filename_fallback,,,-5.895804828679975,-13.67067073738215,7.452189093579529,2.2289603709077723,5.346349206349206,0.5394736842105263,287,0,ok,
synthetic,fr,windows-cloning/outetts_cuda_p5.wav,,,,,windows-cloning,outetts_cuda_p5.wav,outetts,cloning,5,scores_csv,,0.1333,-6.2616990137404756,-25.667435552655377,8.357130616712993,2.463669068638404,3.2663492063492066,0.6853582554517134,220,0,ok,
synthetic,fr,windows-default/outetts_cuda_p5.wav,,,,,windows-default,outetts_cuda_p5.wav,outetts,default,5,scores_csv,,0.0,-5.895804828679975,-13.67067073738215,7.452189093579529,2.2289603709077723,5.346349206349206,0.5394736842105263,287,0,ok,
synthetic,fr,windows-default/piper_cpu_p5.wav,,,,,windows-default,piper_cpu_p5.wav,piper,default,5,scores_csv,,0.0667,-3.5856266760457083,-17.323196711207373,8.22870933740272,2.447750694850924,4.237641723356009,0.6745843230403801,284,0,ok,
synthetic,fr,windows-cloning/pocket_cpu_p5.wav,,,,,windows-cloning,pocket_cpu_p5.wav,pocket,cloning,5,scores_csv,,0.0667,-10.18810618863265,20.82029403084362,13.818187097233562,4.092110341685439,3.6,0.7267605633802817,258,0,ok,
synthetic,fr,windows-default/pocket_cpu_p5.wav,,,,,windows-default,pocket_cpu_p5.wav,pocket,default,5,scores_csv,,0.0,-2.4906478258633533,-6.273733149864386,5.093561277781538,1.6435247396528547,3.68,0.7123287671232876,260,0,ok,
synthetic,fr,windows-default/qwentts_cpu_p5.wav,,,,,windows-default,qwentts_cpu_p5.wav,qwentts,default,5,scores_csv,,0.0,-1.4197872369671625,-42.85037385873437,9.856731051955233,3.180029180369049,4.56,0.7035398230088495,318,0,ok,
synthetic,fr,windows-default/qwentts_cuda_p5.wav,,,,,windows-default,qwentts_cuda_p5.wav,qwentts,default,5,scores_csv,,0.0,-3.3978050738933168,-24.875548935488112,7.363705270469877,2.3110102696502253,4.8,0.6960167714884696,332,0,ok,
synthetic,fr,2026-05-31_1357/qwentts_fast_cuda_p5.wav,,,,,2026-05-31_1357,qwentts_fast_cuda_p5.wav,qwentts_fast,unknown,5,filename_fallback,,,-13.751059792719127,-4.427435896834014,15.462079575700745,4.495597196819301,3.68,0.8176795580110497,296,0,ok,
synthetic,fr,windows-cloning/qwentts_fast_cuda_p5.wav,,,,,windows-cloning,qwentts_fast_cuda_p5.wav,qwentts_fast,cloning,5,scores_csv,,0.0667,-13.751059792719127,-4.427435896834014,15.462079575700745,4.495597196819301,3.68,0.8176795580110497,296,0,ok,
synthetic,fr,windows-default/qwentts_fast_cuda_p5.wav,,,,,windows-default,qwentts_fast_cuda_p5.wav,qwentts_fast,default,5,scores_csv,,0.0,-2.905480781584564,-18.303384958462214,8.186741347575767,2.379589022731998,4.32,0.752913752913753,323,0,ok,
synthetic,fr,windows-default/supertonic_cpu_p5.wav,,,,,windows-default,supertonic_cpu_p5.wav,supertonic,default,5,scores_csv,,0.0,-5.909977662267449,-59.80470587313253,12.809040170781742,3.7425875546377023,5.50312925170068,0.5119266055045871,279,1,ok,
synthetic,fr,windows-cloning/voxcpm_cpu_p5.wav,,,,,windows-cloning,voxcpm_cpu_p5.wav,voxcpm,cloning,5,scores_csv,,0.0,-4.27578020069101,22.343071589645408,15.907408160354764,5.200452026387892,4.8,0.5263157894736842,250,1,ok,
synthetic,fr,windows-cloning/voxcpm_cuda_p5.wav,,,,,windows-cloning,voxcpm_cuda_p5.wav,voxcpm,cloning,5,scores_csv,,0.0,-9.456883287217428,-43.244274464560554,15.169527747208315,5.346939304764782,3.52,0.8242074927953891,286,0,ok,
synthetic,fr,windows-default/voxcpm_cpu_p5.wav,,,,,windows-default,voxcpm_cpu_p5.wav,voxcpm,default,5,scores_csv,,0.0,-4.232654614246699,-18.214368383493316,10.620203232755976,3.261592785221733,4.16,0.7167070217917676,296,0,ok,
synthetic,fr,windows-default/voxcpm_cuda_p5.wav,,,,,windows-default,voxcpm_cuda_p5.wav,voxcpm,default,5,scores_csv,,0.0,-1.6484365686935745,-41.962132319851264,9.049292211108575,2.747737921383908,4.0,0.6926952141057935,275,0,ok,
synthetic,fr,windows-cloning/zipvoice_cpu_p5.wav,,,,,windows-cloning,zipvoice_cpu_p5.wav,zipvoice,cloning,5,scores_csv,,0.0,-3.3388981133358238,-16.650101961485287,8.373221895680857,2.4584006949611177,7.518,0.6983914209115282,521,0,ok,
synthetic,fr,windows-cloning/zipvoice_cuda_p5.wav,,,,,windows-cloning,zipvoice_cuda_p5.wav,zipvoice,cloning,5,scores_csv,,0.0667,-8.76612477461452,6.184562922785756,11.087581592049734,3.3196317355720293,7.498,0.6290322580645161,468,0,ok,
synthetic,fr,windows-default/zipvoice_cpu_p5.wav,,,,,windows-default,zipvoice_cpu_p5.wav,zipvoice,default,5,scores_csv,,0.0667,-3.9163416544193774,-2.8553226424819425,11.802295151356521,3.481459330543284,7.808,0.6516129032258065,505,0,ok,
synthetic,fr,windows-default/zipvoice_cuda_p5.wav,,,,,windows-default,zipvoice_cuda_p5.wav,zipvoice,default,5,scores_csv,,0.0,-3.679455264051993,-0.2527610871337945,6.875409256035477,2.5693548709636183,7.708,0.6130718954248366,469,0,ok,
synthetic,fr,2026-05-30_2241/zonos_cpu_p5.wav,,,,,2026-05-30_2241,zonos_cpu_p5.wav,zonos,unknown,5,filename_fallback,,,-3.129670431625305,-1.2987349228950587,10.51495229219223,3.0613931120224107,3.982222222222222,0.6972010178117048,274,0,ok,
synthetic,fr,2026-05-30_2241/zonos_cuda_p5.wav,,,,,2026-05-30_2241,zonos_cuda_p5.wav,zonos,unknown,5,filename_fallback,,,-5.142276203761362,-5.177671743146567,8.315865770575826,2.4981150477326994,4.005442176870749,0.7746835443037975,306,0,ok,
synthetic,fr,2026-05-30_2330/zonos_cpu_p5.wav,,,,,2026-05-30_2330,zonos_cpu_p5.wav,zonos,unknown,5,filename_fallback,,,-0.3601180606994173,-55.83546005415768,12.420468544495868,3.6263337351980525,3.9938321995464854,0.4746192893401015,187,0,ok,
synthetic,fr,2026-05-30_2330/zonos_cuda_p5.wav,,,,,2026-05-30_2330,zonos_cuda_p5.wav,zonos,unknown,5,filename_fallback,,,-0.058025808181868116,2.154319074268259,7.4506956315547015,2.6005881035442835,3.93578231292517,0.6494845360824743,252,0,ok,
synthetic,fr,2026-05-31_0010/zonos_cpu_p5.wav,,,,,2026-05-31_0010,zonos_cpu_p5.wav,zonos,unknown,5,filename_fallback,,,-3.129670431625305,-1.2987349228950587,10.51495229219223,3.0613931120224107,3.982222222222222,0.6972010178117048,274,0,ok,
synthetic,fr,windows-cloning/zonos_cpu_p5.wav,,,,,windows-cloning,zonos_cpu_p5.wav,zonos,cloning,5,scores_csv,,0.0667,-0.3601180606994173,-55.83546005415768,12.420468544495868,3.6263337351980525,3.9938321995464854,0.4746192893401015,187,0,ok,
synthetic,fr,windows-cloning/zonos_cuda_p5.wav,,,,,windows-cloning,zonos_cuda_p5.wav,zonos,cloning,5,scores_csv,,0.0667,-0.058025808181868116,2.154319074268259,7.4506956315547015,2.6005881035442835,3.93578231292517,0.6494845360824743,252,0,ok,
synthetic,fr,windows-default/zonos_cpu_p5.wav,,,,,windows-default,zonos_cpu_p5.wav,zonos,default,5,scores_csv,,0.0,-3.129670431625305,-1.2987349228950587,10.51495229219223,3.0613931120224107,3.982222222222222,0.6972010178117048,274,0,ok,
synthetic,fr,windows-default/zonos_cuda_p5.wav,,,,,windows-default,zonos_cuda_p5.wav,zonos,default,5,scores_csv,,0.0,-5.142276203761362,-5.177671743146567,8.315865770575826,2.4981150477326994,4.005442176870749,0.7746835443037975,306,0,ok,
synthetic,unknown,compare/2026-05-23_154255/chatterbox_cuda.wav,,,,,compare,chatterbox_cuda.wav,chatterbox,unknown,,filename_fallback,,,-6.962484315237863,-47.82452305462275,11.899259639054407,3.118236176094786,4.52,0.3579418344519016,160,0,ok,
synthetic,unknown,compare/2026-05-23_233127/chatterbox_cuda.wav,,,,,compare,chatterbox_cuda.wav,chatterbox,unknown,,filename_fallback,,,-5.847834608207881,-22.617803881812744,12.251548432706738,3.3000461839302293,6.12,0.4925864909390445,299,0,ok,
synthetic,unknown,compare/2026-05-23_233350/chatterbox_cuda.wav,,,,,compare,chatterbox_cuda.wav,chatterbox,unknown,,filename_fallback,,,1.8405881826170452,-23.882281944397576,10.886849355947728,3.416494034976994,5.64,0.4883720930232558,273,0,ok,
synthetic,unknown,compare/2026-05-23_234642/chatterbox_cuda.wav,,,,,compare,chatterbox_cuda.wav,chatterbox,unknown,,filename_fallback,,,-1.5880068338577422,-75.89760115342692,16.58627963896332,5.191685683333546,5.92,0.49744463373083475,292,0,ok,
synthetic,unknown,compare/2026-05-23_154255/coqui_cuda.wav,,,,,compare,coqui_cuda.wav,coqui,unknown,,filename_fallback,,,-1.6620308801931427,-19.586408730671597,5.198495256020706,1.678546218520543,3.8513333333333333,0.38421052631578945,146,0,ok,
synthetic,unknown,compare/2026-05-23_233350/coqui_cuda.wav,,,,,compare,coqui_cuda.wav,coqui,unknown,,filename_fallback,,,-2.7135186600922583,-43.44703584461356,12.197484823272987,3.881685536823571,5.6546666666666665,0.5160714285714286,289,0,ok,
synthetic,unknown,compare/2026-05-23_234642/coqui_cuda.wav,,,,,compare,coqui_cuda.wav,coqui,unknown,,filename_fallback,,,-4.295395613850337,-43.41146912627394,9.201853302090111,2.9195931522376695,6.3053333333333335,0.4448,278,0,ok,
synthetic,unknown,compare/2026-06-05_010130/echo_cuda.wav,,,,,compare,echo_cuda.wav,echo,unknown,,filename_fallback,,,-2.4144164172320575,10.868633444537029,6.7810606022682265,1.9830603157659397,5.340589569160998,0.391713747645951,208,0,ok,
synthetic,unknown,compare/2026-06-05_132639/echo_cuda.wav,,,,,compare,echo_cuda.wav,echo,unknown,,filename_fallback,,,-6.529505052655765,-23.846682911763278,7.131363724872541,2.305399911075977,4.040272108843538,0.6666666666666666,266,0,ok,
synthetic,unknown,compare/2026-06-06_203742/echo_cuda.wav,,,,,compare,echo_cuda.wav,echo,unknown,,filename_fallback,,,1.2398375845473097,36.227214411308594,7.132653152273683,2.18552293182465,2.461315192743764,0.5454545454545454,132,0,ok,
synthetic,unknown,compare/2026-05-23_233127/f5tts_cuda.wav,,,,,compare,f5tts_cuda.wav,f5tts,unknown,,filename_fallback,,,-1.9763652972829693,-10.684049982501106,4.177560082198164,1.1595753858028242,1.216,0.5344827586206896,62,0,ok,
synthetic,unknown,compare/2026-05-23_233350/f5tts_cuda.wav,,,,,compare,f5tts_cuda.wav,f5tts,unknown,,filename_fallback,,,-0.888566517104507,-9.212783833990512,2.363053294435181,0.6916009935517301,1.216,0.33620689655172414,39,0,ok,
synthetic,unknown,compare/2026-05-23_234642/f5tts_cuda.wav,,,,,compare,f5tts_cuda.wav,f5tts,unknown,,filename_fallback,,,-3.128863245304273,-28.55094058242918,6.888544212462504,2.166003807147703,5.546666666666667,0.6229508196721312,342,0,ok,
synthetic,unknown,compare/2026-06-05_011048/f5tts_cuda.wav,,,,,compare,f5tts_cuda.wav,f5tts,unknown,,filename_fallback,,,3.1556581073335552,-68.2347931744842,8.072464131075744,2.693471660969451,1.1946666666666668,0.6206896551724138,72,0,ok,
synthetic,unknown,compare/2026-06-05_132847/f5tts_cuda.wav,,,,,compare,f5tts_cuda.wav,f5tts,unknown,,filename_fallback,,,-4.379500402354923,-22.468368515297293,6.826775123032428,1.9075815207298261,2.8586666666666667,0.7651245551601423,215,0,ok,
synthetic,unknown,compare/2026-06-05_010130/indextts_cuda.wav,,,,,compare,indextts_cuda.wav,indextts,unknown,,filename_fallback,,,-1.5743899910641697,38.627931693276246,13.386245840967444,4.218496869956495,3.645532879818594,0.554016620498615,200,0,ok,
synthetic,unknown,compare/2026-06-05_132639/indextts_cuda.wav,,,,,compare,indextts_cuda.wav,indextts,unknown,,filename_fallback,,,-3.120568491964218,-11.893166108073565,6.439590021562489,2.0303743037770237,3.4946031746031747,0.5872093023255814,202,0,ok,
synthetic,unknown,compare/2026-06-06_203742/indextts_cuda.wav,,,,,compare,indextts_cuda.wav,indextts,unknown,,filename_fallback,,,-4.7765372485556306,-12.313170478738357,7.980337697750025,2.590499098209176,2.2871655328798184,0.5892857142857143,132,0,ok,
synthetic,unknown,compare/2026-05-23_151726/kokoro_cpu.wav,,,,,compare,kokoro_cpu.wav,kokoro,unknown,,filename_fallback,,,-7.985767022620415,-12.863447490608829,9.862882126623976,3.0213272176499713,2.225,0.3881278538812785,85,0,ok,
synthetic,unknown,compare/2026-05-23_151827/kokoro_cpu.wav,,,,,compare,kokoro_cpu.wav,kokoro,unknown,,filename_fallback,,,-8.824039635397506,3.9092904745698265,10.273903185817172,3.038592635978775,2.225,0.4018264840182648,88,0,ok,
synthetic,unknown,compare/2026-06-05_011048/moss_tts_cuda.wav,,,,,compare,moss_tts_cuda.wav,moss_tts,unknown,,filename_fallback,,,-4.708627728916995,23.744584631093826,9.753866668954482,3.5018087884726263,5.04,0.56,280,0,ok,
synthetic,unknown,compare/2026-06-05_132639/moss_tts_cuda.wav,,,,,compare,moss_tts_cuda.wav,moss_tts,unknown,,filename_fallback,,,-8.67410601365341,-20.072757137331685,11.056944097009648,3.1812691720712687,3.2,0.6761904761904762,213,0,ok,
synthetic,unknown,compare/2026-06-06_203742/moss_tts_cuda.wav,,,,,compare,moss_tts_cuda.wav,moss_tts,unknown,,filename_fallback,,,0.39932759596300704,33.9892689260171,6.524817843659623,1.9665937923842036,2.48,0.5925925925925926,144,0,ok,
synthetic,unknown,compare/2026-05-23_234515/neutts_air_cuda.wav,,,,,compare,neutts_air_cuda.wav,neutts_air,unknown,,filename_fallback,,,0.5617286365187778,4.266641483163225,2.2567408840882206,0.8793590912850848,2.62,0.36964980544747084,95,0,ok,
synthetic,unknown,compare/2026-05-23_234642/neutts_air_cuda.wav,,,,,compare,neutts_air_cuda.wav,neutts_air,unknown,,filename_fallback,,,-3.05827393385463,-13.216564772651825,4.818649021018417,1.5227011171911204,1.9,0.47282608695652173,87,0,ok,
synthetic,unknown,compare/2026-05-23_234642/neutts_nano_cuda.wav,,,,,compare,neutts_nano_cuda.wav,neutts_nano,unknown,,filename_fallback,,,5.670578039295449,47.44806141603078,9.08807768010132,2.7851681708766933,1.9,0.4945652173913043,91,0,ok,
synthetic,unknown,compare/2026-05-23_233350/omnivoice_cuda.wav,,,,,compare,omnivoice_cuda.wav,omnivoice,unknown,,filename_fallback,,,-6.227022100782562,-26.702574606822,9.418156300832797,2.746947978770542,5.6,0.41081081081081083,228,0,ok,
synthetic,unknown,compare/2026-05-23_234642/omnivoice_cuda.wav,,,,,compare,omnivoice_cuda.wav,omnivoice,unknown,,filename_fallback,,,2.2211385941750943,-42.978989698738594,9.508735525286165,2.4627113066686714,6.91,0.43731778425655976,300,0,ok,
synthetic,unknown,compare/2026-06-05_011048/omnivoice_cuda.wav,,,,,compare,omnivoice_cuda.wav,omnivoice,unknown,,filename_fallback,,,0.7002916175884691,3.889836273170481,6.8960053320126775,2.5842765982097133,3.56,0.5738636363636364,202,0,ok,
synthetic,unknown,compare/2026-06-05_132847/omnivoice_cuda.wav,,,,,compare,omnivoice_cuda.wav,omnivoice,unknown,,filename_fallback,,,7.620830977008337,-22.050421705601252,6.899478232746093,2.1152473349740726,3.48,0.5247813411078717,180,0,ok,
synthetic,unknown,compare/2026-06-06_203742/omnivoice_cuda.wav,,,,,compare,omnivoice_cuda.wav,omnivoice,unknown,,filename_fallback,,,-8.501535750747388,-25.098885009898016,12.818748551519553,4.212868935958247,4.31,0.4107981220657277,175,0,ok,
synthetic,unknown,compare/2026-05-23_151726/piper_cpu.wav,,,,,compare,piper_cpu.wav,piper,unknown,,filename_fallback,,,-11.77815011410371,-51.57908879236764,14.304041838094314,4.627372554183236,1.6602267573696146,0.5828220858895705,95,0,ok,
synthetic,unknown,compare/2026-05-23_151827/piper_cpu.wav,,,,,compare,piper_cpu.wav,piper,unknown,,filename_fallback,,,-12.083995543603306,-50.218414113037284,14.139862703529406,4.588849009229157,1.6137868480725623,0.5822784810126582,92,0,ok,
synthetic,unknown,compare/2026-05-23_152024/pocket_cpu.wav,,,,,compare,pocket_cpu.wav,pocket,unknown,,filename_fallback,,,-6.6342508931361825,-5.306228369032214,6.187403981186227,2.360887219584178,2.24,0.36199095022624433,80,0,ok,
synthetic,unknown,compare/2026-05-23_154556/pocket_cpu.wav,,,,,compare,pocket_cpu.wav,pocket,unknown,,filename_fallback,,,,,,,1.12,0.20754716981132076,22,0,too_few_voiced,
synthetic,unknown,compare/2026-06-05_011048/qwentts_fast_cuda.wav,,,,,compare,qwentts_fast_cuda.wav,qwentts_fast,unknown,,filename_fallback,,,-6.703611316357317,9.820556129563586,9.91609868907049,3.0093174107875167,2.32,0.7074235807860262,162,0,ok,
synthetic,unknown,_moss_v15_vs_v10_AB/_REFERENCE_voice_chris.wav,,,,,_moss_v15_vs_v10_AB,_REFERENCE_voice_chris.wav,unknown,unknown,,filename_fallback,,,-2.5208474469271858,-27.041135649743598,13.641656445972746,3.7861844780915113,15.046530612244897,0.61974649766511,929,0,ok,
synthetic,unknown,compare/sesame_clone_smoke.wav,,,,,compare,sesame_clone_smoke.wav,unknown,unknown,,filename_fallback,,,-5.9492231053694695,54.618206881031924,10.46307733665341,3.8633265241762733,2.8,0.6131386861313869,168,0,ok,
synthetic,unknown,compare/sesame_mem.wav,,,,,compare,sesame_mem.wav,unknown,unknown,,filename_fallback,,,-5.167631448760319,-15.659005668849817,7.2535477237593735,2.1983800457141154,1.04,0.87,87,0,ok,
synthetic,unknown,compare/sesame_naq.wav,,,,,compare,sesame_naq.wav,unknown,unknown,,filename_fallback,,,-4.656379997876483,5.045127556646113,5.771875071861195,1.8552202334840842,1.2,0.808695652173913,93,0,ok,
synthetic,unknown,compare/sesame_smoke.wav,,,,,compare,sesame_smoke.wav,unknown,unknown,,filename_fallback,,,2.7883493336314347,-19.67822133678319,19.06706063355135,4.8220848125278,2.8,0.460431654676259,128,0,ok,
synthetic,unknown,compare/super_mem.wav,,,,,compare,super_mem.wav,unknown,unknown,,filename_fallback,,,-0.15204904247311546,-2.602023579168757,2.8524703971338976,0.8710259846060467,1.5325170068027212,0.22972972972972974,34,0,ok,
synthetic,unknown,compare/super_naq.wav,,,,,compare,super_naq.wav,unknown,unknown,,filename_fallback,,,-7.268508119879191,-31.98517465925719,12.519809124070242,3.7291949755384124,2.020136054421769,0.43147208121827413,85,0,ok,
synthetic,unknown,compare/supertonic_smoke.wav,,,,,compare,supertonic_smoke.wav,unknown,unknown,,filename_fallback,,,-10.385870146988422,-52.48761123920921,15.638839131341202,4.519679170690338,3.4133333333333336,0.34124629080118696,115,0,ok,
synthetic,unknown,smoke/dramabox_clone.wav,,,,,smoke,dramabox_clone.wav,unknown,unknown,,filename_fallback,,,-7.581450620278185,-37.27700824012631,8.744349654385571,2.979224817322039,7.37,0.3005464480874317,220,0,ok,
synthetic,unknown,smoke/dramabox_default.wav,,,,,smoke,dramabox_default.wav,unknown,unknown,,filename_fallback,,,-4.555644625845032,-25.327235533255685,7.683586242418974,2.1818131120217266,7.37,0.23087431693989072,169,0,ok,
synthetic,unknown,smoke/moss_v15_smoke_en.wav,,,,,smoke,moss_v15_smoke_en.wav,unknown,unknown,,filename_fallback,,,-1.9896272881273314,-7.970038093774384,8.031305612147381,2.219574035426005,2.48,0.6378600823045267,155,0,ok,
synthetic,unknown,speak/2026-05-23_123848/turn_001.wav,,,,,speak,turn_001.wav,unknown,unknown,,filename_fallback,,,-3.2245889862605353,-10.653900462954523,2.4551386836018643,1.1128978023932876,2.64,0.2796934865900383,73,0,ok,
synthetic,unknown,speak/2026-05-23_123848/turn_002.wav,,,,,speak,turn_002.wav,unknown,unknown,,filename_fallback,,,-19.908504599095373,-3.517524602639812,19.87142338946469,6.502838231992543,2.08,0.49019607843137253,100,0,ok,
synthetic,unknown,speak/2026-05-23_123913/turn_001.wav,,,,,speak,turn_001.wav,unknown,unknown,,filename_fallback,,,-9.152744853740538,1.5172798600505697,12.33139712351283,4.660840313259359,1.78,0.7085714285714285,124,0,ok,
synthetic,unknown,speak/2026-05-23_123913/turn_002.wav,,,,,speak,turn_002.wav,unknown,unknown,,filename_fallback,,,1.8924368993807619,-5.314996103645257,12.59533985291419,4.227809132092032,1.02,0.46,46,0,ok,
synthetic,unknown,speak/2026-05-23_143947/turn_001.wav,,,,,speak,turn_001.wav,unknown,unknown,,filename_fallback,,,-9.761386432258831,-47.611005712628234,11.143855141517987,3.975234978818228,1.475,0.2206896551724138,32,0,ok,
synthetic,unknown,speak/2026-05-23_143947/turn_002.wav,,,,,speak,turn_002.wav,unknown,unknown,,filename_fallback,,,-6.139974574099898,3.730823357095236,5.764066967069201,2.1700922816162693,1.4,0.2773722627737226,38,0,ok,
synthetic,unknown,speak/2026-05-23_143947/turn_003.wav,,,,,speak,turn_003.wav,unknown,unknown,,filename_fallback,,,-12.051486286600651,84.26976290876848,16.723597083038847,4.776700898129448,1.5,0.3401360544217687,50,0,ok,
synthetic,unknown,speak/2026-05-23_144329/turn_001.wav,,,,,speak,turn_001.wav,unknown,unknown,,filename_fallback,,,8.638957128461442,-19.20902979412675,8.327361213412509,2.872457149528566,0.7,0.6716417910447762,45,0,ok,
synthetic,unknown,speak/2026-05-23_144329/turn_002.wav,,,,,speak,turn_002.wav,unknown,unknown,,filename_fallback,,,9.696627335802276,-13.639763555595149,18.19041100385546,6.159957801982057,0.725,0.6376811594202898,44,1,ok,
synthetic,unknown,speak/2026-05-23_144329/turn_003.wav,,,,,speak,turn_003.wav,unknown,unknown,,filename_fallback,,,-7.588024969994762,-34.92076153307809,13.345421015598726,3.867924801878002,1.0,0.6288659793814433,61,0,ok,
synthetic,unknown,speak/2026-05-23_144329/turn_004.wav,,,,,speak,turn_004.wav,unknown,unknown,,filename_fallback,,,-5.438788932839524,-38.02369673731058,15.400384362306069,4.766069403399563,7.025,0.6609442060085837,462,0,ok,
synthetic,unknown,speak/2026-05-23_144354/turn_001.wav,,,,,speak,turn_001.wav,unknown,unknown,,filename_fallback,,,-2.6346869983588297,-70.43605625252928,11.991052244275728,4.083089330378442,5.712108843537415,0.7001763668430335,397,0,ok,
synthetic,unknown,speak/2026-05-23_144354/turn_002.wav,,,,,speak,turn_002.wav,unknown,unknown,,filename_fallback,,,-1.1340644448927248,-20.56756803222374,14.497339580897364,4.262190989400208,27.341496598639456,0.6338337605272794,1731,0,ok,
synthetic,unknown,speak/2026-05-23_144452/turn_001.wav,,,,,speak,turn_001.wav,unknown,unknown,,filename_fallback,,,-1.1210089162857888,0.8145058041757843,12.079089155954579,3.860447329479243,8.185034013605442,0.5815950920245399,474,0,ok,
synthetic,unknown,speak/2026-05-23_144452/turn_002.wav,,,,,speak,turn_002.wav,unknown,unknown,,filename_fallback,,,0.119426879094764,14.207398762987449,15.098934809662003,4.4264399703117006,21.722267573696143,0.6277675276752768,1361,0,ok,
synthetic,unknown,speak/2026-05-23_144534/turn_001.wav,,,,,speak,turn_001.wav,unknown,unknown,,filename_fallback,,,-1.4460673083839068,-4.725640675185454,16.29593658487766,4.880633570038358,22.95,0.6246180707114797,1431,0,ok,
synthetic,unknown,speak/2026-05-23_144616/turn_001.wav,,,,,speak,turn_001.wav,unknown,unknown,,filename_fallback,,,-0.12577233482904313,14.623784570048217,9.776655699323301,3.458591291916657,23.05,0.5030408340573415,1158,0,ok,
synthetic,unknown,speak/2026-05-23_144847/turn_001.wav,,,,,speak,turn_001.wav,unknown,unknown,,filename_fallback,,,1.3360538743391288,-20.185111636961025,7.719085576026881,2.898342504955549,15.72,0.6826003824091779,1071,0,ok,
synthetic,unknown,speak/2026-05-23_144847/turn_002.wav,,,,,speak,turn_002.wav,unknown,unknown,,filename_fallback,,,0.36011953673203356,-17.59082590364072,10.851797137465734,3.163424053559097,15.72,0.6736775015933716,1057,0,ok,
synthetic,unknown,speak/2026-05-23_145256/turn_001.wav,,,,,speak,turn_001.wav,unknown,unknown,,filename_fallback,,,-7.723528330927669,9.314412934610539,10.406350284782151,3.8343338504575466,0.6,0.6363636363636364,35,0,ok,
synthetic,unknown,speak/2026-05-23_145347/turn_001.wav,,,,,speak,turn_001.wav,unknown,unknown,,filename_fallback,,,-21.648375986797927,6.678544589425074,16.30681011818287,7.010439243499744,0.72,0.45588235294117646,31,0,ok,
synthetic,unknown,speak/2026-05-23_145347/turn_002.wav,,,,,speak,turn_002.wav,unknown,unknown,,filename_fallback,,,-19.055538366877723,4.489329355723958,16.148903521183325,6.538188139848518,1.2,0.41025641025641024,48,0,ok,
synthetic,unknown,speak/2026-05-23_145347/turn_003.wav,,,,,speak,turn_003.wav,unknown,unknown,,filename_fallback,,,-0.6857843712481293,4.562799366377699,17.95424631129066,4.2121206473842605,25.44,0.5474222746950019,1391,5,ok,
synthetic,unknown,speak/2026-05-23_145600/turn_001.wav,,,,,speak,turn_001.wav,unknown,unknown,,filename_fallback,,,7.673995832378619,-44.91183289186549,14.934403527392696,4.438048581551491,15.82,0.5699810006333123,900,0,ok,
synthetic,unknown,speak/2026-05-23_145932/turn_001.wav,,,,,speak,turn_001.wav,unknown,unknown,,filename_fallback,,,0.6524284558114241,14.908933257112867,7.683832415066412,3.4511216687682356,26.4,0.5388699279484263,1421,3,ok,
synthetic,unknown,speak/2026-05-23_150019/turn_001.wav,,,,,speak,turn_001.wav,unknown,unknown,,filename_fallback,,,0.2537650157861782,-6.580385703496841,9.99784700356926,3.552776323215013,23.05,0.501737619461338,1155,0,ok,
synthetic,unknown,speak/2026-05-23_150058/turn_001.wav,,,,,speak,turn_001.wav,unknown,unknown,,filename_fallback,,,0.014664734494925277,-0.6438862207274931,14.374184774780844,4.417606235767332,21.455238095238094,0.6451914098972923,1382,0,ok,
synthetic,unknown,speak/2026-05-23_150154/turn_001.wav,,,,,speak,turn_001.wav,unknown,unknown,,filename_fallback,,,-1.4804258159187853,-4.795504418742426,16.208448179500785,4.846225273832628,22.95,0.624181580096028,1430,0,ok,
synthetic,unknown,speak/2026-05-23_151027/turn_001.wav,,,,,speak,turn_001.wav,unknown,unknown,,filename_fallback,,,-12.588475573667006,4.923455867294003,17.54787399343242,5.950791556716752,0.64,0.6949152542372882,41,0,ok,
synthetic,unknown,speak/2026-05-23_151219/turn_001.wav,,,,,speak,turn_001.wav,unknown,unknown,,filename_fallback,,,0.3078355330008352,-6.779751291805899,9.939546830188986,3.55585802808364,23.05,0.5047784535186794,1162,0,ok,
synthetic,unknown,speak/2026-05-23_151258/turn_001.wav,,,,,speak,turn_001.wav,unknown,unknown,,filename_fallback,,,3.014032840004189,0.05765229875386935,19.397727394882814,6.235447292631834,15.466,0.7331606217616581,1132,1,ok,
synthetic,unknown,speak/2026-05-23_154046/turn_001.wav,,,,,speak,turn_001.wav,unknown,unknown,,filename_fallback,,,0.8467774017022738,10.299018546764769,8.958413288726604,3.7252568369090056,28.08,0.5665358544416697,1588,3,ok,
synthetic,unknown,compare/2026-05-23_234642/voxcpm_cuda.wav,,,,,compare,voxcpm_cuda.wav,voxcpm,unknown,,filename_fallback,,,0.3968359578367515,-76.03419612179567,18.599422629222474,5.638335960653763,6.4,0.48427672955974843,308,0,ok,
synthetic,unknown,compare/2026-06-05_011048/zonos_cuda.wav,,,,,compare,zonos_cuda.wav,zonos,unknown,,filename_fallback,,,2.2969664861732646,-11.149252950843769,3.3770833434478487,2.5758123277577747,3.076643990929705,0.8052805280528053,244,0,ok,
